Generation,Fcalc,Qfactor,Vm
1,1.450687,30351.85908,6.04E-07
1.059701493,1.448255,29734.71602,5.61E-07
1.119402985,1.449995,25120.35148,5.89E-07
1.179104478,1.449999,29851.07372,4.21E-07
1.23880597,1.45,29612.73279,5.94E-07
1.298507463,1.454075,32055.9365,6.46E-07
1.358208955,1.449994,26411.71229,4.14E-07
1.417910448,1.449998,28943.82682,5.01E-07
1.47761194,1.443816,26144.53739,6.97E-07
1.537313433,1.45,30746.09669,5.85E-07
1.597014925,1.45,32014.74427,5.00E-07
1.656716418,1.449998,31160.10594,5.25E-07
1.71641791,1.450008,30747.01045,6.02E-07
1.776119403,1.450001,24153.84978,6.70E-07
1.835820896,1.449999,33221.6999,5.11E-07
1.895522388,1.450006,27938.70246,4.91E-07
1.955223881,1.45,28683.80067,6.03E-07
2.014925373,1.441031,29402.19201,4.59E-07
2.074626866,1.45,27445.54585,6.55E-07
2.134328358,1.450001,27519.30017,6.07E-07
2.194029851,1.450028,29033.20274,5.94E-07
2.253731343,1.45,30000.26698,5.77E-07
2.313432836,1.45004,29406.09353,5.30E-07
2.373134328,1.45,33259.65294,5.04E-07
2.432835821,1.450006,26605.17143,5.47E-07
2.492537313,1.449999,29851.07637,4.21E-07
2.552238806,1.449999,28723.84297,4.94E-07
2.611940299,1.449999,33274.38392,4.65E-07
2.671641791,1.450004,32314.62938,5.09E-07
2.731343284,1.45,29918.74492,5.51E-07
2.791044776,1.450005,29851.1366,4.21E-07
2.850746269,1.45,30236.38525,4.66E-07
2.910447761,1.45,30580.53828,7.23E-07
2.970149254,1.450005,29366.42808,4.97E-07
3.029850746,1.45,33796.19573,4.77E-07
3.089552239,1.45001,30655.3524,4.12E-07
3.149253731,1.45,29252.48037,4.11E-07
3.208955224,1.45,30523.81419,5.04E-07
3.268656716,1.450035,34658.0217,4.69E-07
3.328358209,1.450001,29770.93611,4.13E-07
3.388059701,1.449999,35685.65942,4.12E-07
3.447761194,1.450002,27713.0421,5.56E-07
3.507462687,1.449997,29366.345,4.97E-07
3.567164179,1.45,32336.09459,5.19E-07
3.626865672,1.450021,32587.74549,4.34E-07
3.686567164,1.450004,29419.76165,4.78E-07
3.746268657,1.449998,29373.15795,5.12E-07
3.805970149,1.449999,29506.98854,4.30E-07
3.865671642,1.45,29412.8251,4.48E-07
3.925373134,1.45,31618.33216,4.31E-07
3.985074627,1.449999,32983.36752,4.46E-07
4.044776119,1.451863,31806.86704,4.79E-07
4.104477612,1.450004,28543.38682,5.52E-07
4.164179104,1.443662,35239.46384,4.13E-07
4.223880597,1.450007,31249.30664,4.51E-07
4.28358209,1.455727,31436.38726,3.96E-07
4.343283582,1.449999,32102.34084,4.87E-07
4.402985075,1.45,35685.67582,4.12E-07
4.462686567,1.449997,37372.11515,3.65E-07
4.52238806,1.45,31906.62018,4.10E-07
4.582089552,1.445488,34850.27068,3.95E-07
4.641791045,1.449997,35008.97847,3.71E-07
4.701492537,1.45,31018.90516,5.35E-07
4.76119403,1.449989,30373.37919,4.10E-07
4.820895522,1.449999,31554.12268,4.89E-07
4.880597015,1.45,32115.46953,4.28E-07
4.940298507,1.45,35884.66612,4.07E-07
5,1.449341,39196.37074,3.53E-07
5.059701493,1.450004,32777.2984,3.40E-07
5.119402985,1.449999,33644.39538,4.07E-07
5.179104478,1.450011,35009.13969,3.71E-07
5.23880597,1.45,31281.6922,4.11E-07
5.298507463,1.449983,31125.52631,5.06E-07
5.358208955,1.450019,28983.61188,5.90E-07
5.417910448,1.449996,35307.00756,3.87E-07
5.47761194,1.45,37372.1576,3.65E-07
5.537313433,1.449998,32585.12665,3.99E-07
5.597014925,1.453523,35656.13828,3.78E-07
5.656716418,1.458975,33769.46971,4.40E-07
5.71641791,1.450023,32075.50227,4.71E-07
5.776119403,1.45,38491.29968,3.33E-07
5.835820896,1.449999,35322.42177,4.01E-07
5.895522388,1.445011,33240.49406,4.38E-07
5.955223881,1.45,35009.0057,3.71E-07
6.014925373,1.45,37372.15956,3.65E-07
6.074626866,1.450001,36272.5665,3.67E-07
6.134328358,1.445969,36894.43328,3.49E-07
6.194029851,1.45,35009.00733,3.71E-07
6.253731343,1.45,37884.34072,3.74E-07
6.313432836,1.450001,32334.25112,3.32E-07
6.373134328,1.449998,29395.06066,4.36E-07
6.432835821,1.450018,39709.88814,3.45E-07
6.492537313,1.45,37372.15622,3.65E-07
6.552238806,1.45,33718.69487,3.96E-07
6.611940299,1.449997,37588.09248,3.55E-07
6.671641791,1.453764,36994.32264,3.49E-07
6.731343284,1.452019,39232.58159,3.53E-07
6.791044776,1.45,37372.15733,3.65E-07
6.850746269,1.450001,38491.31108,3.33E-07
6.910447761,1.449999,36170.32038,3.70E-07
6.970149254,1.445918,37319.53351,3.65E-07
7.029850746,1.445918,37319.53351,3.65E-07
7.089552239,1.449982,39205.03914,3.53E-07
7.149253731,1.449993,37271.30333,3.70E-07
7.208955224,1.450024,40005.52149,3.24E-07
7.268656716,1.45,37372.15465,3.65E-07
7.328358209,1.450013,37423.86886,3.46E-07
7.388059701,1.449999,39205.27744,3.53E-07
7.447761194,1.450001,37588.14154,3.55E-07
7.507462687,1.453757,39255.9773,3.53E-07
7.567164179,1.450007,36745.82552,3.51E-07
7.626865672,1.449999,39205.26884,3.53E-07
7.686567164,1.450004,40005.25232,3.24E-07
7.746268657,1.44999,41592.54202,3.20E-07
7.805970149,1.450002,38491.32619,3.33E-07
7.865671642,1.449999,39205.26794,3.53E-07
7.925373134,1.450004,36745.79427,3.51E-07
7.985074627,1.450008,36123.78615,3.66E-07
8.044776119,1.450001,38491.31269,3.33E-07
8.104477612,1.450019,33338.146,3.95E-07
8.164179104,1.449999,39205.27622,3.53E-07
8.223880597,1.449996,41060.25965,3.13E-07
8.28358209,1.449999,38819.24457,3.66E-07
8.343283582,1.449988,37587.98258,3.55E-07
8.402985075,1.453778,38540.18053,3.33E-07
8.462686567,1.450002,41687.58703,3.01E-07
8.52238806,1.446865,41016.34001,3.13E-07
8.582089552,1.450671,41633.43886,3.11E-07
8.641791045,1.449979,36615.9633,3.80E-07
8.701492537,1.450021,39715.39966,3.05E-07
8.76119403,1.449983,42391.87626,3.15E-07
8.820895522,1.450001,38491.31316,3.33E-07
8.880597015,1.450008,38251.84176,3.34E-07
8.940298507,1.450002,38642.90064,3.24E-07
9,1.449999,37743.08087,3.59E-07
9.059701493,1.450004,40005.24486,3.24E-07
9.119402985,1.45,38491.29783,3.33E-07
9.179104478,1.450008,37106.77968,3.67E-07
9.23880597,1.450965,35868.49961,3.72E-07
9.298507463,1.459858,41734.28977,3.20E-07
9.358208955,1.449997,41687.5147,3.01E-07
9.417910448,1.450021,39715.39611,3.05E-07
9.47761194,1.449999,40027.84276,3.03E-07
9.537313433,1.450002,41687.585,3.01E-07
9.597014925,1.446865,41016.33802,3.13E-07
9.656716418,1.450008,38251.84363,3.34E-07
9.71641791,1.449976,43632.02192,3.17E-07
9.776119403,1.45002,40509.74843,3.15E-07
9.835820896,1.449997,41060.26634,3.13E-07
9.895522388,1.449991,35435.64142,3.36E-07
9.955223881,1.450007,41592.77615,3.20E-07
10.01492537,1.450001,42392.13645,3.15E-07
10.07462687,1.450024,40005.52145,3.24E-07
10.13432836,1.449982,42724.12213,2.95E-07
10.19402985,1.450004,43632.44583,3.17E-07
10.25373134,1.458244,39058.8639,2.90E-07
10.31343284,1.450005,40760.40101,3.65E-07
10.37313433,1.450002,41060.33085,3.13E-07
10.43283582,1.450006,43039.86829,3.08E-07
10.49253731,1.449999,38806.32772,3.34E-07
10.55223881,1.445732,41626.19175,3.01E-07
10.6119403,1.449999,36385.8807,4.14E-07
10.67164179,1.456926,38280.83766,3.16E-07
10.73134328,1.450009,42822.73015,2.97E-07
10.79104478,1.449984,41687.32686,3.01E-07
10.85074627,1.449999,38625.64102,3.61E-07
10.91044776,1.449994,41060.22613,3.13E-07
10.97014925,1.450004,41296.83131,3.16E-07
11.02985075,1.449979,39832.66675,2.98E-07
11.08955224,1.447796,41654.54561,3.01E-07
11.14925373,1.450002,43508.00155,2.84E-07
11.20895522,1.449989,34301.6619,3.25E-07
11.26865672,1.450002,41293.92718,3.16E-07
11.32835821,1.449998,39184.90767,3.01E-07
11.3880597,1.442052,42091.07913,3.03E-07
11.44776119,1.447371,41648.44035,3.01E-07
11.50746269,1.442304,39696.45329,3.06E-07
11.56716418,1.449985,42608.18579,3.04E-07
11.62686567,1.450007,43039.86908,3.08E-07
11.68656716,1.449981,41687.28531,3.01E-07
11.74626866,1.449999,39193.17317,3.45E-07
11.80597015,1.447994,45803.74533,3.06E-07
11.86567164,1.449988,39886.86953,3.07E-07
11.92537313,1.450003,43632.44044,3.17E-07
11.98507463,1.441909,42706.71075,2.97E-07
12.04477612,1.449982,41687.29987,3.01E-07
12.10447761,1.444654,42128.45669,3.03E-07
12.1641791,1.450007,40468.97659,3.03E-07
12.2238806,1.449977,37373.7778,3.74E-07
12.28358209,1.444324,45164.0276,2.89E-07
12.34328358,1.449982,39671.95252,3.86E-07
12.40298507,1.449999,40121.16564,3.52E-07
12.46268657,1.450017,40550.40726,2.98E-07
12.52238806,1.450009,42822.7347,2.97E-07
12.58208955,1.450009,42822.7347,2.97E-07
12.64179104,1.449991,38785.33042,3.27E-07
12.70149254,1.450009,42822.73122,2.97E-07
12.76119403,1.45,39711.07052,3.58E-07
12.82089552,1.449996,42724.32358,2.95E-07
12.88059701,1.450007,41438.15158,3.04E-07
12.94029851,1.450048,37266.53936,3.84E-07
13,1.450003,46944.77886,2.61E-07
13.06947891,1.45002,42004.63337,3.14E-07
13.13895782,1.449998,42671.5545,2.90E-07
13.20843672,1.452829,42685.67619,3.09E-07
13.27791563,1.452953,42766.52511,2.95E-07
13.34739454,1.452953,42766.52511,2.95E-07
13.41687345,1.450628,45262.72856,2.89E-07
13.48635236,1.449984,42206.75059,3.03E-07
13.55583127,1.450009,42822.73237,2.97E-07
13.62531017,1.450005,45253.01613,2.89E-07
13.69478908,1.450007,43654.17962,2.98E-07
13.76426799,1.444323,39614.39242,3.39E-07
13.8337469,1.450003,43508.01448,2.84E-07
13.90322581,1.450039,42668.38713,2.99E-07
13.97270471,1.447712,45217.06532,2.89E-07
14.04218362,1.450007,43500.4935,2.97E-07
14.11166253,1.459417,45399.39729,2.89E-07
14.18114144,1.450002,42724.4164,2.95E-07
14.25062035,1.447682,45216.59737,2.89E-07
14.32009926,1.447682,45216.59737,2.89E-07
14.38957816,1.450007,43654.17943,2.98E-07
14.45905707,1.450005,45253.01438,2.89E-07
14.52853598,1.450007,43654.17962,2.98E-07
14.59801489,1.450009,41582.95751,3.05E-07
14.6674938,1.449975,46187.74019,2.80E-07
14.7369727,1.450859,45266.33537,2.89E-07
14.80645161,1.449995,44021.92926,2.63E-07
14.87593052,1.450004,45252.99729,2.89E-07
14.94540943,1.450004,45252.99729,2.89E-07
15.01488834,1.449374,42662.75639,2.90E-07
15.08436725,1.449999,33197.57785,3.99E-07
15.15384615,1.449456,46935.9335,2.61E-07
15.22332506,1.449979,35204.04782,3.81E-07
15.29280397,1.450003,42385.03839,2.77E-07
15.36228288,1.449997,33859.00672,3.23E-07
15.43176179,1.450008,46944.86896,2.61E-07
15.50124069,1.450009,41109.41191,3.51E-07
15.5707196,1.450003,46944.78556,2.61E-07
15.64019851,1.450007,44528.40221,3.29E-07
15.70967742,1.449984,46944.46852,2.61E-07
15.77915633,1.443655,37724.65894,3.05E-07
15.84863524,1.449984,46944.46852,2.61E-07
15.91811414,1.449984,46944.46852,2.61E-07
15.98759305,1.449984,46944.46852,2.61E-07
16.05707196,1.449983,41332.28764,2.98E-07
16.12655087,1.450003,44544.62442,3.23E-07
16.19602978,1.449992,43643.16144,2.86E-07
16.26550868,1.450022,49433.13323,2.78E-07
16.33498759,1.449992,43540.89515,2.83E-07
16.4044665,1.452111,43617.76292,2.83E-07
16.47394541,1.449976,46040.08011,2.77E-07
16.54342432,1.44999,38174.90565,3.07E-07
16.61290323,1.449995,39854.98494,3.13E-07
16.68238213,1.450008,39228.4364,3.53E-07
16.75186104,1.449999,42452.10823,2.84E-07
16.82133995,1.450003,42332.58956,2.78E-07
16.89081886,1.449989,47181.97099,2.58E-07
16.96029777,1.446686,46891.17047,2.61E-07
17.02977667,1.450007,43759.20493,2.81E-07
17.09925558,1.449989,46944.55705,2.61E-07
17.16873449,1.450015,45652.49663,2.89E-07
17.2382134,1.440016,46782.86106,2.61E-07
17.30769231,1.443304,47072.98667,2.58E-07
17.37717122,1.449993,43540.90872,2.83E-07
17.44665012,1.449984,46944.46665,2.61E-07
17.51612903,1.449984,46944.46665,2.61E-07
17.58560794,1.450002,38983.53297,3.14E-07
17.65508685,1.450013,46944.9449,2.61E-07
17.72456576,1.450003,42332.58883,2.78E-07
17.79404467,1.449982,46944.43541,2.61E-07
17.86352357,1.449997,41382.64139,3.28E-07
17.93300248,1.450008,46944.8574,2.61E-07
18.00248139,1.450008,46944.8574,2.61E-07
18.0719603,1.450008,46944.8574,2.61E-07
18.14143921,1.450008,46944.8574,2.61E-07
18.21091811,1.452252,34362.5626,3.41E-07
18.28039702,1.453318,47235.98438,2.58E-07
18.34987593,1.45002,38983.41902,3.09E-07
18.41935484,1.450003,46944.78621,2.61E-07
18.48883375,1.450003,46944.78621,2.61E-07
18.55831266,1.450003,46944.78621,2.61E-07
18.62779156,1.450003,46944.78621,2.61E-07
18.69727047,1.450003,46944.78621,2.61E-07
18.76674938,1.450003,46944.78621,2.61E-07
18.83622829,1.450007,43161.98278,2.53E-07
18.9057072,1.450013,46944.94916,2.61E-07
18.9751861,1.450013,46944.94916,2.61E-07
19.04466501,1.450013,46944.94916,2.61E-07
19.11414392,1.450013,46944.94916,2.61E-07
19.18362283,1.453324,47236.0767,2.58E-07
19.25310174,1.450013,46944.94916,2.61E-07
19.32258065,1.453324,47236.0767,2.58E-07
19.39205955,1.453324,47236.0767,2.58E-07
19.46153846,1.450013,46944.94916,2.61E-07
19.53101737,1.453324,47236.0767,2.58E-07
19.60049628,1.453324,47236.0767,2.58E-07
19.66997519,1.453324,47236.0767,2.58E-07
19.73945409,1.450013,46944.94916,2.61E-07
19.808933,1.450013,46944.94916,2.61E-07
19.87841191,1.453324,47236.0767,2.58E-07
19.94789082,1.453324,47236.0767,2.58E-07
20.01736973,1.453324,47236.0767,2.58E-07
20.08684864,1.442267,44152.98747,2.65E-07
20.15632754,1.453324,47236.0767,2.58E-07
20.22580645,1.449995,41347.71994,2.86E-07
20.29528536,1.449986,47181.91833,2.58E-07
20.36476427,1.449986,47181.91833,2.58E-07
20.43424318,1.449986,47181.91833,2.58E-07
20.50372208,1.449986,47181.91833,2.58E-07
20.57320099,1.450007,45107.90203,2.74E-07
20.6426799,1.450004,40978.46846,3.01E-07
20.71215881,1.449985,47181.91717,2.58E-07
20.78163772,1.449985,47181.91717,2.58E-07
20.85111663,1.449985,47181.91717,2.58E-07
20.92059553,1.446683,46891.11698,2.61E-07
20.99007444,1.449985,47181.91717,2.58E-07
21.05955335,1.449985,47181.91717,2.58E-07
21.12903226,1.449985,47181.91717,2.58E-07
21.19851117,1.449985,47181.91717,2.58E-07
21.26799007,1.449999,35293.96734,3.51E-07
21.33746898,1.441604,47044.90908,2.58E-07
21.40694789,1.441604,47044.90908,2.58E-07
21.4764268,1.441604,47044.90908,2.58E-07
21.54590571,1.441604,47044.90908,2.58E-07
21.61538462,1.441604,47044.90908,2.58E-07
21.68486352,1.441604,47044.90908,2.58E-07
21.75434243,1.441604,47044.90908,2.58E-07
21.82382134,1.441604,47044.90908,2.58E-07
21.89330025,1.441604,47044.90908,2.58E-07
21.96277916,1.441604,47044.90908,2.58E-07
22.03225806,1.441604,47044.90908,2.58E-07
22.10173697,1.441604,47044.90908,2.58E-07
22.17121588,1.441604,47044.90908,2.58E-07
22.24069479,1.441604,47044.90908,2.58E-07
22.3101737,1.441604,47044.90908,2.58E-07
22.37965261,1.441604,47044.90908,2.58E-07
22.44913151,1.441604,47044.90908,2.58E-07
22.51861042,1.449978,45505.04083,2.70E-07
22.58808933,1.449999,34239.14315,3.91E-07
22.65756824,1.450008,47182.28144,2.58E-07
22.72704715,1.449999,41440.50075,3.40E-07
22.79652605,1.449981,47181.84394,2.58E-07
22.86600496,1.449981,47181.84394,2.58E-07
22.93548387,1.449981,47181.84394,2.58E-07
23.00496278,1.449981,47181.84394,2.58E-07
23.07444169,1.449989,44806.83424,2.77E-07
23.1439206,1.449984,33056.30028,3.84E-07
23.2133995,1.450009,48620.52309,2.63E-07
23.28287841,1.449981,47181.84482,2.58E-07
23.35235732,1.449981,47181.84482,2.58E-07
23.42183623,1.450014,46586.77328,2.50E-07
23.49131514,1.450014,47182.37563,2.58E-07
23.56079404,1.450014,47182.37563,2.58E-07
23.63027295,1.450014,47182.37563,2.58E-07
23.69975186,1.450014,47182.37563,2.58E-07
23.76923077,1.446711,46891.57261,2.61E-07
23.83870968,1.450014,47182.37563,2.58E-07
23.90818859,1.450014,47182.37563,2.58E-07
23.97766749,1.449996,39992.18319,2.70E-07
24.0471464,1.450013,46103.41998,2.63E-07
24.11662531,1.450626,47192.28395,2.58E-07
24.18610422,1.450626,47192.28395,2.58E-07
24.25558313,1.450009,48620.52346,2.63E-07
24.32506203,1.449981,47181.84482,2.58E-07
24.39454094,1.449981,47181.84482,2.58E-07
24.46401985,1.450009,48620.5234,2.63E-07
24.53349876,1.449979,46586.21639,2.50E-07
24.60297767,1.450014,47182.37563,2.58E-07
24.67245658,1.450014,46586.77328,2.50E-07
24.74193548,1.450014,47182.37563,2.58E-07
24.81141439,1.450014,46586.77328,2.50E-07
24.8808933,1.450014,47182.37563,2.58E-07
24.95037221,1.450014,47182.37563,2.58E-07
25.01985112,1.450014,47182.37563,2.58E-07
25.08933002,1.450014,47182.37563,2.58E-07
25.15880893,1.450014,47182.37563,2.58E-07
25.22828784,1.450009,48620.52341,2.63E-07
25.29776675,1.449981,47181.84482,2.58E-07
25.36724566,1.450014,46586.77328,2.50E-07
25.43672457,1.450014,46586.77328,2.50E-07
25.50620347,1.450009,48620.52212,2.63E-07
25.57568238,1.450005,40553.21406,2.97E-07
25.64516129,1.450012,46586.74295,2.50E-07
25.7146402,1.450006,36971.6686,2.97E-07
25.78411911,1.449996,44888.84594,2.55E-07
25.85359801,1.449968,42818.37455,2.87E-07
25.92307692,1.450003,47182.20922,2.58E-07
25.99255583,1.449979,41694.68156,2.85E-07
26.06203474,1.450014,47182.37518,2.58E-07
26.13151365,1.450014,46586.77328,2.50E-07
26.20099256,1.449981,43668.96534,3.00E-07
26.27047146,1.450011,47113.67764,2.75E-07
26.33995037,1.450013,46586.77049,2.50E-07
26.40942928,1.449951,36172.97859,3.90E-07
26.47890819,1.449982,46586.26337,2.50E-07
26.5483871,1.449982,46586.26337,2.50E-07
26.617866,1.450004,47863.04478,2.56E-07
26.68734491,1.449977,46586.18878,2.50E-07
26.75682382,1.450004,47863.04478,2.56E-07
26.82630273,1.459135,47336.55284,2.58E-07
26.89578164,1.449977,46586.18878,2.50E-07
26.96526055,1.449977,46586.18878,2.50E-07
27.03473945,1.450014,47182.37563,2.58E-07
27.10421836,1.450014,46586.77328,2.50E-07
27.17369727,1.450009,48620.52212,2.63E-07
27.24317618,1.449979,46586.21639,2.50E-07
27.31265509,1.450004,47863.04478,2.56E-07
27.382134,1.449977,46586.18878,2.50E-07
27.4516129,1.449977,46586.18878,2.50E-07
27.52109181,1.450012,46357.56338,2.71E-07
27.59057072,1.450003,46586.59875,2.50E-07
27.66004963,1.449999,34950.51457,3.10E-07
27.72952854,1.449982,37503.07295,3.18E-07
27.79900744,1.450003,46586.59828,2.50E-07
27.86848635,1.449996,39539.17507,2.96E-07
27.93796526,1.450012,46586.74905,2.50E-07
28.00744417,1.449991,43573.12858,2.62E-07
28.07692308,1.449986,50940.477,2.54E-07
28.14640199,1.450003,44531.33572,2.85E-07
28.21588089,1.449984,46586.2953,2.50E-07
28.2853598,1.450004,47863.04478,2.56E-07
28.35483871,1.449977,46586.18878,2.50E-07
28.42431762,1.450004,47863.04478,2.56E-07
28.49379653,1.450005,51113.72819,2.51E-07
28.56327543,1.449999,39322.46172,3.50E-07
28.63275434,1.456407,46688.97212,2.50E-07
28.70223325,1.457585,45940.86545,2.77E-07
28.77171216,1.450004,47863.0453,2.56E-07
28.84119107,1.449977,46586.18878,2.50E-07
28.91066998,1.449946,40420.90993,3.01E-07
28.98014888,1.449994,47862.88261,2.56E-07
29.04962779,1.449977,46586.18878,2.50E-07
29.1191067,1.450004,47863.04478,2.56E-07
29.18858561,1.45,39701.27113,2.90E-07
29.25806452,1.450011,46586.73966,2.50E-07
29.32754342,1.450004,47863.04478,2.56E-07
29.39702233,1.450002,47021.75496,2.64E-07
29.46650124,1.449999,44911.751,3.14E-07
29.53598015,1.449997,50940.67013,2.54E-07
29.60545906,1.449982,52658.29102,2.41E-07
29.67493797,1.450004,47863.04425,2.56E-07
29.74441687,1.450004,47863.04425,2.56E-07
29.81389578,1.450004,47863.04425,2.56E-07
29.88337469,1.449979,48920.99954,2.46E-07
29.9528536,1.449985,50940.45798,2.54E-07
30.02233251,1.450005,51113.72775,2.51E-07
30.09181141,1.457227,46702.11583,2.50E-07
30.16129032,1.450005,50140.62389,2.58E-07
30.23076923,1.449985,46586.31582,2.50E-07
30.30024814,1.449988,48035.37048,2.64E-07
30.36972705,1.449992,39017.93389,2.92E-07
30.43920596,1.449979,47862.63198,2.56E-07
30.50868486,1.447869,38758.50168,3.11E-07
30.57816377,1.449989,52658.42621,2.41E-07
30.64764268,1.449992,48969.53247,2.55E-07
30.71712159,1.449983,50399.23597,2.53E-07
30.7866005,1.440489,50945.9863,2.51E-07
30.8560794,1.440489,50945.9863,2.51E-07
30.92555831,1.440489,50945.9863,2.51E-07
30.99503722,1.440489,50945.9863,2.51E-07
31.06451613,1.440489,50945.9863,2.51E-07
31.13399504,1.449985,50940.45793,2.54E-07
31.20347395,1.450005,51113.72775,2.51E-07
31.27295285,1.45,41999.31088,3.71E-07
31.34243176,1.450006,51113.75043,2.51E-07
31.41191067,1.450001,43661.83841,2.94E-07
31.48138958,1.449988,51113.43715,2.51E-07
31.55086849,1.449988,49390.2185,2.50E-07
31.62034739,1.450005,51113.73142,2.51E-07
31.6898263,1.450005,51113.73142,2.51E-07
31.75930521,1.450005,51113.73142,2.51E-07
31.82878412,1.450009,52658.789,2.41E-07
31.89826303,1.450005,51113.73431,2.51E-07
31.96774194,1.451859,50266.04625,2.53E-07
32.03722084,1.450005,51113.73431,2.51E-07
32.10669975,1.449979,44429.85794,2.78E-07
32.17617866,1.449989,51113.441,2.51E-07
32.24565757,1.459443,51521.97378,2.49E-07
32.31513648,1.449989,51113.441,2.51E-07
32.38461538,1.450009,52658.789,2.41E-07
32.45409429,1.450009,52658.789,2.41E-07
32.5235732,1.450007,49324.93305,2.77E-07
32.59305211,1.449996,42937.99134,3.30E-07
32.66253102,1.450003,52767.22769,2.40E-07
32.73200993,1.450005,51113.7339,2.51E-07
32.80148883,1.450009,52658.789,2.41E-07
32.87096774,1.450002,42180.23848,2.81E-07
32.94044665,1.45001,42757.02023,2.89E-07
33.00992556,1.45001,55296.01348,2.31E-07
33.07940447,1.450005,51113.73277,2.51E-07
33.14888337,1.45,47619.35724,2.93E-07
33.21836228,1.450009,52658.78849,2.41E-07
33.28784119,1.449981,51486.53516,2.47E-07
33.3573201,1.450009,52658.79137,2.41E-07
33.42679901,1.450006,48903.55511,2.63E-07
33.49627792,1.450003,43541.44578,2.93E-07
33.56575682,1.455545,50403.67945,2.47E-07
33.63523573,1.449985,52658.34319,2.41E-07
33.70471464,1.449982,55295.4866,2.31E-07
33.77419355,1.450009,52658.79133,2.41E-07
33.84367246,1.449982,55295.4866,2.31E-07
33.91315136,1.449985,47319.06254,2.87E-07
33.98263027,1.45001,55296.01284,2.31E-07
34.05210918,1.449983,53358.65803,2.42E-07
34.12158809,1.450004,53365.18876,2.38E-07
34.191067,1.449999,51290.23778,2.21E-07
34.26054591,1.450009,52658.78169,2.41E-07
34.33002481,1.449998,45188.05047,2.70E-07
34.39950372,1.450009,52658.78097,2.41E-07
34.46898263,1.450003,48634.40196,2.62E-07
34.53846154,1.449989,52658.42086,2.41E-07
34.60794045,1.449982,39784.82345,2.91E-07
34.67741935,1.449045,47907.75323,2.54E-07
34.74689826,1.450003,45683.93289,2.61E-07
34.81637717,1.449983,39677.22469,2.69E-07
34.88585608,1.450003,41425.07851,3.56E-07
34.95533499,1.449991,54834.11002,2.16E-07
35.0248139,1.45,49360.96129,2.67E-07
35.0942928,1.449987,55295.57525,2.31E-07
35.16377171,1.450003,53302.22786,2.46E-07
35.23325062,1.450005,52183.67066,2.41E-07
35.30272953,1.45001,55296.01482,2.31E-07
35.37220844,1.450009,52658.79133,2.41E-07
35.44168734,1.449982,55295.4866,2.31E-07
35.51116625,1.449982,55295.4866,2.31E-07
35.58064516,1.452228,51442.86505,2.41E-07
35.65012407,1.450009,52658.79133,2.41E-07
35.71960298,1.450005,34877.69444,2.74E-07
35.78908189,1.450007,52291.53877,2.90E-07
35.85856079,1.450009,52658.78703,2.41E-07
35.9280397,1.449984,51402.98724,2.41E-07
35.99751861,1.44998,33849.17169,3.28E-07
36.06699752,1.449987,55295.58187,2.31E-07
36.13647643,1.44998,52183.22454,2.41E-07
36.20595533,1.450008,54521.58447,2.27E-07
36.27543424,1.440827,55122.18161,2.31E-07
36.34491315,1.440827,55122.18161,2.31E-07
36.41439206,1.450695,52684.54658,2.29E-07
36.48387097,1.450006,55626.23656,2.19E-07
36.55334988,1.450011,52150.46271,2.30E-07
36.62282878,1.45001,55296.01289,2.31E-07
36.69230769,1.450006,49759.63709,2.16E-07
36.7617866,1.450009,55296.00835,2.31E-07
36.83126551,1.459249,54693.50698,2.27E-07
36.90074442,1.450009,55296.00835,2.31E-07
36.97022333,1.450009,55296.00835,2.31E-07
37.03970223,1.450009,55296.00835,2.31E-07
37.10918114,1.459249,54693.50698,2.27E-07
37.17866005,1.449989,37240.894,2.85E-07
37.24813896,1.449985,55295.5391,2.31E-07
37.31761787,1.449985,55295.5391,2.31E-07
37.38709677,1.449986,57699.62906,2.20E-07
37.45657568,1.449993,35912.0676,3.62E-07
37.52605459,1.450011,55296.0433,2.31E-07
37.5955335,1.450004,52403.65263,2.28E-07
37.66501241,1.449989,54834.06844,2.16E-07
37.73449132,1.450011,51403.45584,2.41E-07
37.80397022,1.456994,54651.08335,2.27E-07
37.87344913,1.450005,54834.37918,2.16E-07
37.94292804,1.45,48169.12913,2.67E-07
38.01240695,1.443225,51593.23838,2.24E-07
38.08188586,1.450007,52403.70556,2.28E-07
38.15136476,1.45001,55296.01105,2.31E-07
38.22084367,1.449986,57699.62906,2.20E-07
38.29032258,1.450002,54834.32391,2.16E-07
38.35980149,1.45,46586.62028,2.58E-07
38.4292804,1.449994,34155.96758,3.26E-07
38.49875931,1.450003,39365.5075,2.74E-07
38.56823821,1.450005,55626.21943,2.19E-07
38.63771712,1.450003,40363.75754,2.74E-07
38.70719603,1.450005,54834.38375,2.16E-07
38.77667494,1.440953,55450.59532,2.19E-07
38.84615385,1.450005,44855.29453,2.46E-07
38.91563275,1.450002,54834.31036,2.16E-07
38.98511166,1.440949,55450.5211,2.19E-07
39.05459057,1.450008,54521.57837,2.27E-07
39.12406948,1.459559,58697.70476,2.23E-07
39.19354839,1.450004,50933.01443,2.50E-07
39.2630273,1.449989,57699.70376,2.20E-07
39.3325062,1.450002,55626.16302,2.19E-07
39.40198511,1.450005,57700.01463,2.20E-07
39.47146402,1.450005,57700.01463,2.20E-07
39.54094293,1.447787,54350.94446,2.24E-07
39.61042184,1.450015,35287.02786,3.09E-07
39.67990074,1.449974,45077.35468,2.84E-07
39.74937965,1.450005,57700.00907,2.20E-07
39.81885856,1.450005,57700.00907,2.20E-07
39.88833747,1.450005,57700.00907,2.20E-07
39.95781638,1.450002,54834.32391,2.16E-07
40.02729529,1.450005,57700.01393,2.20E-07
40.09677419,1.441467,58331.05065,2.23E-07
40.1662531,1.450005,57700.01393,2.20E-07
40.23573201,1.441467,58331.05065,2.23E-07
40.30521092,1.450005,57700.01393,2.20E-07
40.37468983,1.44999,53051.46062,2.23E-07
40.44416873,1.449986,51669.87145,2.28E-07
40.51364764,1.450005,57700.0118,2.20E-07
40.58312655,1.450005,57700.0118,2.20E-07
40.65260546,1.450005,57700.0118,2.20E-07
40.72208437,1.450002,54834.32391,2.16E-07
40.79156328,1.450005,57700.01393,2.20E-07
40.86104218,1.450005,57700.01393,2.20E-07
40.93052109,1.450005,57700.01393,2.20E-07
41,1.449985,57041.4246,2.10E-07
41.06504065,1.450005,57700.01645,2.20E-07
41.1300813,1.450005,57700.01645,2.20E-07
41.19512195,1.441467,58331.05319,2.23E-07
41.2601626,1.450005,57700.01645,2.20E-07
41.32520325,1.450006,57428.67766,2.29E-07
41.3902439,1.449984,58503.94097,2.23E-07
41.45528455,1.458572,57870.99826,2.20E-07
41.5203252,1.458572,57870.99826,2.20E-07
41.58536585,1.458572,57870.99826,2.20E-07
41.6504065,1.458572,57870.99826,2.20E-07
41.71544715,1.449992,49241.9965,2.50E-07
41.7804878,1.450005,58504.37834,2.23E-07
41.84552846,1.458594,57871.43088,2.20E-07
41.91056911,1.458594,57871.43088,2.20E-07
41.97560976,1.458594,57871.43088,2.20E-07
42.04065041,1.458594,57871.43088,2.20E-07
42.10569106,1.450005,58504.37834,2.23E-07
42.17073171,1.449988,57041.47188,2.10E-07
42.23577236,1.449988,57041.47188,2.10E-07
42.30081301,1.450005,57700.01645,2.20E-07
42.36585366,1.441467,58331.05319,2.23E-07
42.43089431,1.450005,57700.01645,2.20E-07
42.49593496,1.450005,57700.01645,2.20E-07
42.56097561,1.450005,57700.01645,2.20E-07
42.62601626,1.441467,58331.05319,2.23E-07
42.69105691,1.441467,58331.05319,2.23E-07
42.75609756,1.450005,57700.01645,2.20E-07
42.82113821,1.450005,57700.01645,2.20E-07
42.88617886,1.44999,47399.23799,2.47E-07
42.95121951,1.450003,57041.78067,2.10E-07
43.01626016,1.450003,57041.78067,2.10E-07
43.08130081,1.440326,57786.83127,2.13E-07
43.14634146,1.450005,58504.37867,2.23E-07
43.21138211,1.450005,58504.37867,2.23E-07
43.27642276,1.458594,57871.43121,2.20E-07
43.34146341,1.449988,57041.47188,2.10E-07
43.40650407,1.449988,57041.47188,2.10E-07
43.47154472,1.449998,45850.98429,2.37E-07
43.53658537,1.450004,57041.79521,2.10E-07
43.60162602,1.450005,57700.01645,2.20E-07
43.66666667,1.449985,57041.4246,2.10E-07
43.73170732,1.450005,58504.37867,2.23E-07
43.79674797,1.458594,57871.43121,2.20E-07
43.86178862,1.449988,57041.47188,2.10E-07
43.92682927,1.449988,40754.95567,2.55E-07
43.99186992,1.450004,57041.79572,2.10E-07
44.05691057,1.450004,57041.79572,2.10E-07
44.12195122,1.450005,57700.01645,2.20E-07
44.18699187,1.45001,50542.22184,2.45E-07
44.25203252,1.450007,57041.85231,2.10E-07
44.31707317,1.450007,57041.85231,2.10E-07
44.38211382,1.450005,57700.01645,2.20E-07
44.44715447,1.449985,57041.4246,2.10E-07
44.51219512,1.449973,44912.34832,2.57E-07
44.57723577,1.450006,57041.83884,2.10E-07
44.64227642,1.450006,57041.83884,2.10E-07
44.70731707,1.450006,57041.83884,2.10E-07
44.77235772,1.450006,57041.83884,2.10E-07
44.83739837,1.450006,57041.83884,2.10E-07
44.90243902,1.45,49807.99547,2.43E-07
44.96747967,1.450005,57700.01086,2.20E-07
45.03252033,1.449985,57041.4246,2.10E-07
45.09756098,1.450004,49497.91753,2.33E-07
45.16260163,1.449986,57041.43085,2.10E-07
45.22764228,1.449986,57041.43085,2.10E-07
45.29268293,1.450011,53518.40026,2.20E-07
45.35772358,1.450008,48364.56966,2.45E-07
45.42276423,1.449991,57041.52896,2.10E-07
45.48780488,1.449991,57041.52896,2.10E-07
45.55284553,1.449991,57041.52896,2.10E-07
45.61788618,1.450003,54602.74324,2.19E-07
45.68292683,1.450003,60761.36701,2.42E-07
45.74796748,1.450004,57041.78643,2.10E-07
45.81300813,1.450004,57041.78643,2.10E-07
45.87804878,1.450004,57041.78643,2.10E-07
45.94308943,1.450004,57041.78643,2.10E-07
46.00813008,1.450003,54602.74324,2.19E-07
46.07317073,1.449983,57041.3769,2.10E-07
46.13821138,1.449983,57041.3769,2.10E-07
46.20325203,1.44999,55736.06937,2.21E-07
46.26829268,1.450004,57041.79671,2.10E-07
46.33333333,1.450004,57041.79671,2.10E-07
46.39837398,1.450004,57041.79671,2.10E-07
46.46341463,1.450009,46026.76138,2.84E-07
46.52845528,1.450001,57041.74004,2.10E-07
46.59349593,1.450001,57041.74004,2.10E-07
46.65853659,1.450001,57041.74004,2.10E-07
46.72357724,1.450001,57041.74004,2.10E-07
46.78861789,1.450001,57041.74004,2.10E-07
46.85365854,1.450001,57041.74004,2.10E-07
46.91869919,1.450001,57041.74004,2.10E-07
46.98373984,1.450001,57041.74004,2.10E-07
47.04878049,1.450001,57041.74004,2.10E-07
47.11382114,1.450001,57041.74004,2.10E-07
47.17886179,1.450001,57041.74004,2.10E-07
47.24390244,1.450001,57041.74004,2.10E-07
47.30894309,1.450001,57041.74004,2.10E-07
47.37398374,1.450001,57041.74004,2.10E-07
47.43902439,1.450001,57041.74004,2.10E-07
47.50406504,1.450001,57041.74004,2.10E-07
47.56910569,1.450001,57041.74004,2.10E-07
47.63414634,1.450001,57041.74004,2.10E-07
47.69918699,1.449975,38046.37908,3.43E-07
47.76422764,1.45001,46579.46904,2.33E-07
47.82926829,1.449996,41978.03885,2.90E-07
47.89430894,1.449988,47751.79271,2.63E-07
47.95934959,1.449996,48640.77128,2.83E-07
48.02439024,1.450004,57041.79411,2.10E-07
48.08943089,1.450004,57041.79411,2.10E-07
48.15447154,1.450004,57041.79411,2.10E-07
48.2195122,1.450004,57041.79411,2.10E-07
48.28455285,1.450004,57041.79411,2.10E-07
48.3495935,1.449993,39782.609,3.15E-07
48.41463415,1.449996,57041.6386,2.10E-07
48.4796748,1.449996,57041.6386,2.10E-07
48.54471545,1.449996,57041.6386,2.10E-07
48.6097561,1.450005,50241.898,2.58E-07
48.67479675,1.450004,57553.67192,2.09E-07
48.7398374,1.44879,57017.90785,2.10E-07
48.80487805,1.44879,57017.90785,2.10E-07
48.8699187,1.443415,53980.22557,2.14E-07
48.93495935,1.44879,57017.90785,2.10E-07
49,1.449999,44220.0422,3.09E-07
49.06504065,1.45,49347.54019,2.30E-07
49.1300813,1.450007,50647.17389,2.30E-07
49.19512195,1.450004,57041.79404,2.10E-07
49.2601626,1.450003,47333.53629,2.50E-07
49.32520325,1.450006,53738.23665,2.12E-07
49.3902439,1.450002,47816.4089,2.28E-07
49.45528455,1.449983,57041.37847,2.10E-07
49.5203252,1.450008,54930.40543,2.25E-07
49.58536585,1.449995,47421.39519,2.26E-07
49.6504065,1.449989,57041.50393,2.10E-07
49.71544715,1.450004,54411.32777,2.36E-07
49.7804878,1.450004,57041.79822,2.10E-07
49.84552846,1.450005,37211.11771,2.80E-07
49.91056911,1.450004,57041.79336,2.10E-07
49.97560976,1.450004,57041.79336,2.10E-07
50.04065041,1.448898,53722.16179,2.12E-07
50.10569106,1.450004,57041.79336,2.10E-07
50.17073171,1.450004,57041.79336,2.10E-07
50.23577236,1.449977,44629.02791,2.56E-07
50.30081301,1.450004,57041.79646,2.10E-07
50.36585366,1.450004,57041.79646,2.10E-07
50.43089431,1.450004,57041.79646,2.10E-07
50.49593496,1.450004,57041.79646,2.10E-07
50.56097561,1.451219,57577.78355,2.09E-07
50.62601626,1.450012,43193.67412,2.68E-07
50.69105691,1.450007,57041.84418,2.10E-07
50.75609756,1.451221,57577.83172,2.09E-07
50.82113821,1.450007,57041.84418,2.10E-07
50.88617886,1.450007,57041.84418,2.10E-07
50.95121951,1.450005,58520.2266,2.12E-07
51.01626016,1.450006,57041.83523,2.10E-07
51.08130081,1.440007,41499.74656,3.81E-07
51.14634146,1.450006,57041.83523,2.10E-07
51.21138211,1.450006,57041.83523,2.10E-07
51.27642276,1.451221,57577.82268,2.09E-07
51.34146341,1.450006,57041.83523,2.10E-07
51.40650407,1.450006,57041.83523,2.10E-07
51.47154472,1.451221,57577.82268,2.09E-07
51.53658537,1.450006,57041.83523,2.10E-07
51.60162602,1.450006,57041.83523,2.10E-07
51.66666667,1.450006,57041.83523,2.10E-07
51.73170732,1.451221,57577.82268,2.09E-07
51.79674797,1.450006,57041.83523,2.10E-07
51.86178862,1.449988,39874.19908,3.12E-07
51.92682927,1.449973,45332.35805,2.61E-07
51.99186992,1.450006,55820.77281,2.13E-07
52.05691057,1.450006,56194.15606,2.14E-07
52.12195122,1.447615,58472.02912,2.12E-07
52.18699187,1.450001,54447.87409,2.10E-07
52.25203252,1.450002,50247.27197,2.45E-07
52.31707317,1.44998,52341.30317,2.08E-07
52.38211382,1.450004,57553.6752,2.09E-07
52.44715447,1.450004,57553.6752,2.09E-07
52.51219512,1.450004,57553.6752,2.09E-07
52.57723577,1.45,50764.95024,2.38E-07
52.64227642,1.449991,57553.41825,2.09E-07
52.70731707,1.448777,57017.65654,2.10E-07
52.77235772,1.450005,58520.2265,2.12E-07
52.83739837,1.450006,57553.71965,2.09E-07
52.90243902,1.450006,57553.71965,2.09E-07
52.96747967,1.450005,58520.2265,2.12E-07
53.03252033,1.450006,57553.71965,2.09E-07
53.09756098,1.450006,57553.71965,2.09E-07
53.16260163,1.450005,58520.2265,2.12E-07
53.22764228,1.45,44013.6639,2.67E-07
53.29268293,1.449988,57553.36782,2.09E-07
53.35772358,1.449988,57553.36782,2.09E-07
53.42276423,1.449988,57553.36782,2.09E-07
53.48780488,1.449988,57553.36782,2.09E-07
53.55284553,1.449988,57553.36782,2.09E-07
53.61788618,1.450005,58520.2265,2.12E-07
53.68292683,1.450002,54447.88643,2.10E-07
53.74796748,1.449985,40087.83884,2.84E-07
53.81300813,1.450004,45465.30274,2.71E-07
53.87804878,1.450037,35914.01343,3.69E-07
53.94308943,1.450001,54310.8051,2.18E-07
54.00813008,1.458322,54691.13215,2.14E-07
54.07317073,1.450006,58520.26213,2.12E-07
54.13821138,1.450006,58520.26213,2.12E-07
54.20325203,1.450006,58520.26213,2.12E-07
54.26829268,1.450006,58520.26213,2.12E-07
54.33333333,1.450006,57553.71965,2.09E-07
54.39837398,1.450001,43372.18937,3.16E-07
54.46341463,1.450004,57553.6734,2.09E-07
54.52845528,1.441159,58860.18574,2.10E-07
54.59349593,1.449978,53918.89922,2.27E-07
54.65853659,1.450005,58520.22512,2.12E-07
54.72357724,1.450005,58520.22512,2.12E-07
54.78861789,1.450005,58520.22512,2.12E-07
54.85365854,1.450005,58520.22512,2.12E-07
54.91869919,1.450005,58520.22512,2.12E-07
54.98373984,1.450005,58520.22512,2.12E-07
55.04878049,1.450002,52965.36874,2.22E-07
55.11382114,1.449984,58519.81457,2.12E-07
55.17886179,1.449984,58519.81457,2.12E-07
55.24390244,1.449984,58519.81457,2.12E-07
55.30894309,1.45831,59205.74953,2.10E-07
55.37398374,1.449984,45559.63419,2.50E-07
55.43902439,1.450005,58520.22428,2.12E-07
55.50406504,1.458331,59206.16403,2.10E-07
55.56910569,1.450005,58354.26937,2.25E-07
55.63414634,1.450006,57553.72525,2.09E-07
55.69918699,1.450005,58520.2265,2.12E-07
55.76422764,1.450005,58520.2265,2.12E-07
55.82926829,1.44998,49100.3324,2.31E-07
55.89430894,1.44999,52443.97622,2.49E-07
55.95934959,1.450203,58522.3394,2.12E-07
56.02439024,1.450203,58522.3394,2.12E-07
56.08943089,1.450203,58522.3394,2.12E-07
56.15447154,1.45853,59208.02672,2.10E-07
56.2195122,1.45853,59208.02672,2.10E-07
56.28455285,1.449981,42829.79835,2.52E-07
56.3495935,1.450002,56231.17229,2.30E-07
56.41463415,1.450001,59039.86931,2.10E-07
56.4796748,1.441721,58356.81978,2.12E-07
56.54471545,1.450001,59039.86931,2.10E-07
56.6097561,1.441721,58356.81978,2.12E-07
56.67479675,1.441721,58356.81978,2.12E-07
56.7398374,1.449983,55138.23267,2.16E-07
56.80487805,1.449985,59039.5583,2.10E-07
56.8699187,1.449985,59039.5583,2.10E-07
56.93495935,1.450001,45469.54724,2.75E-07
57,1.450005,59039.95183,2.10E-07
57.06504065,1.450005,59039.95183,2.10E-07
57.1300813,1.450005,59039.95183,2.10E-07
57.19512195,1.450005,59039.95183,2.10E-07
57.2601626,1.449993,49053.69763,2.32E-07
57.32520325,1.449986,59192.36663,2.09E-07
57.3902439,1.450442,59047.24293,2.10E-07
57.45528455,1.449983,56230.79674,2.30E-07
57.5203252,1.449999,44280.15818,2.44E-07
57.58536585,1.449992,59039.69608,2.10E-07
57.6504065,1.449992,59039.69608,2.10E-07
57.71544715,1.449992,59039.69608,2.10E-07
57.7804878,1.449983,55138.23267,2.16E-07
57.84552846,1.44999,37149.44945,3.18E-07
57.91056911,1.45,59192.63595,2.09E-07
57.97560976,1.45,59192.63595,2.09E-07
58.04065041,1.450001,50953.11648,2.38E-07
58.10569106,1.449991,59039.67976,2.10E-07
58.17073171,1.449991,59039.67976,2.10E-07
58.23577236,1.449986,45769.76271,2.73E-07
58.30081301,1.450001,46548.04309,2.33E-07
58.36585366,1.450006,54485.84945,2.28E-07
58.43089431,1.450001,59039.8687,2.10E-07
58.49593496,1.450001,59039.8687,2.10E-07
58.56097561,1.450001,59039.8687,2.10E-07
58.62601626,1.449546,59184.58373,2.09E-07
58.69105691,1.450001,59039.8687,2.10E-07
58.75609756,1.449546,59184.58373,2.09E-07
58.82113821,1.450001,59039.8687,2.10E-07
58.88617886,1.449546,59184.58373,2.09E-07
58.95121951,1.450001,59039.8687,2.10E-07
59.01626016,1.450001,59039.8687,2.10E-07
59.08130081,1.450001,59039.8687,2.10E-07
59.14634146,1.449546,59184.58373,2.09E-07
59.21138211,1.449993,54262.23827,2.29E-07
59.27642276,1.449984,59192.30734,2.09E-07
59.34146341,1.450439,59047.18378,2.10E-07
59.40650407,1.449984,59192.30734,2.09E-07
59.47154472,1.450439,59047.18378,2.10E-07
59.53658537,1.449984,59192.30734,2.09E-07
59.60162602,1.449984,59192.30734,2.09E-07
59.66666667,1.449984,59192.30734,2.09E-07
59.73170732,1.449984,59192.30734,2.09E-07
59.79674797,1.449984,59192.30734,2.09E-07
59.86178862,1.449984,59192.30734,2.09E-07
59.92682927,1.449984,59192.30734,2.09E-07
59.99186992,1.44999,55367.17621,2.14E-07
60.05691057,1.449986,59192.36361,2.09E-07
60.12195122,1.449986,59192.36361,2.09E-07
60.18699187,1.449983,38400.27481,3.70E-07
60.25203252,1.449984,59192.3079,2.09E-07
60.31707317,1.449984,59192.3079,2.09E-07
60.38211382,1.450439,59047.18434,2.10E-07
60.44715447,1.449984,59192.3079,2.09E-07
60.51219512,1.449984,59192.3079,2.09E-07
60.57723577,1.449984,59192.3079,2.09E-07
60.64227642,1.449984,59192.3079,2.09E-07
60.70731707,1.449984,39675.2687,2.72E-07
60.77235772,1.45,42921.84747,2.55E-07
60.83739837,1.449984,59192.30782,2.09E-07
60.90243902,1.449984,59192.30782,2.09E-07
60.96747967,1.449984,59192.30782,2.09E-07
61.03252033,1.449984,59192.30782,2.09E-07
61.09756098,1.449984,59192.30782,2.09E-07
61.16260163,1.449984,59192.30782,2.09E-07
61.22764228,1.449984,59192.30782,2.09E-07
61.29268293,1.449984,59192.30782,2.09E-07
61.35772358,1.449984,59192.30782,2.09E-07
61.42276423,1.449984,59192.30782,2.09E-07
61.48780488,1.449984,59192.30782,2.09E-07
61.55284553,1.449984,59192.30782,2.09E-07
61.61788618,1.449984,59192.30782,2.09E-07
61.68292683,1.449984,59192.30782,2.09E-07
61.74796748,1.449996,38161.86155,2.94E-07
61.81300813,1.45,59192.64823,2.09E-07
61.87804878,1.45,59192.64823,2.09E-07
61.94308943,1.45,59192.64823,2.09E-07
62.00813008,1.45,59192.64823,2.09E-07
62.07317073,1.445012,55380.48698,2.12E-07
62.13821138,1.449991,48477.52714,2.50E-07
62.20325203,1.449999,52178.70808,2.08E-07
62.26829268,1.449983,59192.30033,2.09E-07
62.33333333,1.449999,41882.06391,2.60E-07
62.39837398,1.449983,59192.296,2.09E-07
62.46341463,1.449983,59192.296,2.09E-07
62.52845528,1.449983,59192.296,2.09E-07
62.59349593,1.449983,59192.296,2.09E-07
62.65853659,1.449983,59192.296,2.09E-07
62.72357724,1.449983,40835.70116,2.68E-07
62.78861789,1.450001,59192.66062,2.09E-07
62.85365854,1.450001,59192.66062,2.09E-07
62.91869919,1.450001,59192.66062,2.09E-07
62.98373984,1.450001,59192.66062,2.09E-07
63.04878049,1.444057,58697.81842,2.13E-07
63.11382114,1.450001,59192.66062,2.09E-07
63.17886179,1.450001,59192.66062,2.09E-07
63.24390244,1.449991,40592.23472,2.99E-07
63.30894309,1.449978,50709.25066,2.29E-07
63.37398374,1.449984,59192.3087,2.09E-07
63.43902439,1.449984,59192.3087,2.09E-07
63.50406504,1.442447,53379.80367,2.31E-07
63.56910569,1.449984,59192.3087,2.09E-07
63.63414634,1.449984,59192.3087,2.09E-07
63.69918699,1.449984,59192.3087,2.09E-07
63.76422764,1.449984,59192.3087,2.09E-07
63.82926829,1.449984,59192.3087,2.09E-07
63.89430894,1.449984,59192.3087,2.09E-07
63.95934959,1.449982,39760.55831,2.97E-07
64.02439024,1.450003,59192.69582,2.09E-07
64.08943089,1.450003,59192.69582,2.09E-07
64.15447154,1.450003,59192.69582,2.09E-07
64.2195122,1.449985,44670.26391,2.71E-07
64.28455285,1.45,59192.63218,2.09E-07
64.3495935,1.457408,55851.26008,2.17E-07
64.41463415,1.449988,54922.57828,2.34E-07
64.4796748,1.449984,59192.30897,2.09E-07
64.54471545,1.44998,44813.6171,2.44E-07
64.6097561,1.449987,59192.38668,2.09E-07
64.67479675,1.449987,59192.38668,2.09E-07
64.7398374,1.449985,55976.00288,2.08E-07
64.80487805,1.449984,59192.30636,2.09E-07
64.8699187,1.449984,59192.30636,2.09E-07
64.93495935,1.449984,59192.30636,2.09E-07
65,1.449984,59192.30636,2.09E-07
65.06504065,1.449984,59192.30636,2.09E-07
65.1300813,1.449984,59192.30636,2.09E-07
65.19512195,1.449984,59192.30636,2.09E-07
65.2601626,1.449984,59192.30636,2.09E-07
65.32520325,1.449984,59192.30636,2.09E-07
65.3902439,1.449999,44154.44667,3.04E-07
65.45528455,1.452514,54471.08838,2.13E-07
65.5203252,1.449992,36491.75324,3.32E-07
65.58536585,1.450001,46847.31445,2.57E-07
65.6504065,1.44997,50667.02448,2.24E-07
65.71544715,1.449998,57578.72621,2.26E-07
65.7804878,1.449984,59192.30793,2.09E-07
65.84552846,1.449984,55864.80322,2.17E-07
65.91056911,1.449973,46040.0466,2.91E-07
65.97560976,1.449999,59192.62828,2.09E-07
66.04065041,1.450001,52100.20679,2.73E-07
66.10569106,1.450002,55353.8745,2.15E-07
66.17073171,1.449984,59192.30664,2.09E-07
66.23577236,1.449984,54858.28777,2.62E-07
66.30081301,1.449992,59192.47355,2.09E-07
66.36585366,1.449992,44198.20799,2.62E-07
66.43089431,1.45,59192.63286,2.09E-07
66.49593496,1.449997,54171.8894,2.12E-07
66.56097561,1.44998,54791.63999,2.32E-07
66.62601626,1.459203,59378.82581,2.09E-07
66.69105691,1.449992,55353.67319,2.15E-07
66.75609756,1.449984,59192.30664,2.09E-07
66.82113821,1.449984,59192.30664,2.09E-07
66.88617886,1.449977,47578.46067,2.42E-07
66.95121951,1.449999,59192.6284,2.09E-07
67.01626016,1.449994,48966.96308,2.30E-07
67.08130081,1.449985,58614.3304,2.09E-07
67.14634146,1.449989,42439.87648,2.84E-07
67.21138211,1.450001,59192.65757,2.09E-07
67.27642276,1.449995,38743.71623,2.86E-07
67.34146341,1.449983,59192.30442,2.09E-07
67.40650407,1.449983,59192.30442,2.09E-07
67.47154472,1.449983,59192.30442,2.09E-07
67.53658537,1.449983,59192.30442,2.09E-07
67.60162602,1.449983,59192.30442,2.09E-07
67.66666667,1.449991,36488.6601,3.03E-07
67.73170732,1.45,59192.63605,2.09E-07
67.79674797,1.45,59192.63605,2.09E-07
67.86178862,1.449978,41473.99685,2.85E-07
67.92682927,1.449992,59192.48695,2.09E-07
67.99186992,1.449992,59192.48695,2.09E-07
68.05691057,1.449992,59192.48695,2.09E-07
68.12195122,1.449986,54144.59145,2.21E-07
68.18699187,1.449984,59192.30842,2.09E-07
68.25203252,1.449986,55353.56088,2.15E-07
68.31707317,1.44998,52356.82578,2.33E-07
68.38211382,1.449978,45890.01057,2.34E-07
68.44715447,1.449998,55227.05996,2.14E-07
68.51219512,1.455875,59311.01941,2.09E-07
68.57723577,1.44998,58466.32373,2.15E-07
68.64227642,1.443676,59066.20333,2.09E-07
68.70731707,1.449974,48074.4313,2.40E-07
68.77235772,1.449984,41358.88367,2.90E-07
68.83739837,1.450002,53712.37414,2.12E-07
68.90243902,1.449983,59192.30495,2.09E-07
68.96747967,1.449983,59192.30495,2.09E-07
69.03252033,1.449983,59192.30495,2.09E-07
69.09756098,1.449983,59192.30495,2.09E-07
69.16260163,1.449983,59192.30495,2.09E-07
69.22764228,1.449983,59192.30495,2.09E-07
69.29268293,1.449983,59192.30495,2.09E-07
69.35772358,1.449983,59192.30495,2.09E-07
69.42276423,1.449986,62892.22129,2.05E-07
69.48780488,1.449984,59192.30875,2.09E-07
69.55284553,1.449984,59192.30875,2.09E-07
69.61788618,1.449984,59192.30875,2.09E-07
69.68292683,1.449984,59192.30875,2.09E-07
69.74796748,1.449984,58961.57315,2.14E-07
69.81300813,1.44999,41001.44085,2.56E-07
69.87804878,1.449999,59192.62666,2.09E-07
69.94308943,1.449982,51967.25966,2.23E-07
70.00813008,1.449988,59192.38806,2.09E-07
70.07317073,1.449993,52138.36011,2.19E-07
70.13821138,1.44998,48232.51591,2.51E-07
70.20325203,1.449996,59841.25062,2.18E-07
70.26829268,1.449984,59192.30805,2.09E-07
70.33333333,1.449984,59192.30805,2.09E-07
70.39837398,1.449999,43226.556,3.24E-07
70.46341463,1.450001,59192.65602,2.09E-07
70.52845528,1.449966,37115.77087,3.79E-07
70.59349593,1.450003,48011.31668,2.37E-07
70.65853659,1.449983,62892.15405,2.05E-07
70.72357724,1.449984,59192.30875,2.09E-07
70.78861789,1.449986,62892.22129,2.05E-07
70.85365854,1.449995,53066.51226,2.34E-07
70.91869919,1.449984,51094.72632,2.59E-07
70.98373984,1.449984,59192.30779,2.09E-07
71.04878049,1.449986,62892.22129,2.05E-07
71.11382114,1.449981,47262.25459,2.51E-07
71.17886179,1.449999,62892.48994,2.05E-07
71.24390244,1.449984,59192.30875,2.09E-07
71.30894309,1.449986,62892.22129,2.05E-07
71.37398374,1.449986,62892.22129,2.05E-07
71.43902439,1.449982,54005.26737,2.23E-07
71.50406504,1.449987,62892.24198,2.05E-07
71.56910569,1.449987,62892.24198,2.05E-07
71.63414634,1.442108,62659.01566,2.06E-07
71.69918699,1.449987,62892.24198,2.05E-07
71.76422764,1.445687,59091.94407,2.06E-07
71.82926829,1.449987,62892.24198,2.05E-07
71.89430894,1.449987,62892.24198,2.05E-07
71.95934959,1.449987,62892.24198,2.05E-07
72.02439024,1.449987,62892.24198,2.05E-07
72.08943089,1.449987,62892.24198,2.05E-07
72.15447154,1.449988,62888.40438,2.00E-07
72.2195122,1.449984,59192.30707,2.09E-07
72.28455285,1.449986,62892.22129,2.05E-07
72.3495935,1.449999,44424.00613,2.50E-07
72.41463415,1.449983,60442.96496,2.05E-07
72.4796748,1.442856,65129.39686,2.00E-07
72.54471545,1.449982,57069.21008,2.44E-07
72.6097561,1.44675,49861.93845,2.55E-07
72.67479675,1.449999,60281.31477,2.08E-07
72.7398374,1.449987,62888.38347,2.00E-07
72.80487805,1.449995,43550.62016,2.50E-07
72.8699187,1.449998,62892.48924,2.05E-07
72.93495935,1.44997,49648.47782,2.50E-07
73,1.449999,60443.29964,2.05E-07
73.06504065,1.449983,62892.15469,2.05E-07
73.1300813,1.449976,51465.94559,2.35E-07
73.19512195,1.449999,65290.41756,2.00E-07
73.2601626,1.443128,62743.17258,2.05E-07
73.32520325,1.44998,58992.4184,2.30E-07
73.3902439,1.459919,47839.40413,2.33E-07
73.45528455,1.449999,65290.42051,2.00E-07
73.5203252,1.449982,31004.60503,2.98E-07
73.58536585,1.449999,65290.41968,2.00E-07
73.6504065,1.451195,66039.34106,1.99E-07
73.71544715,1.443128,62743.17462,2.05E-07
73.7804878,1.443128,62743.17462,2.05E-07
73.84552846,1.449986,62888.37934,2.00E-07
73.91056911,1.449997,43269.26405,2.91E-07
73.97560976,1.450003,62888.74576,2.00E-07
74.04065041,1.449979,45177.53052,2.60E-07
74.10569106,1.45,65290.43127,2.00E-07
74.17073171,1.449907,58803.3917,2.05E-07
74.23577236,1.447041,64405.15576,2.02E-07
74.30081301,1.449993,39030.5808,2.46E-07
74.36585366,1.449982,63698.00815,1.98E-07
74.43089431,1.449983,65290.05039,2.00E-07
74.49593496,1.449983,65290.05039,2.00E-07
74.56097561,1.44998,51483.47519,2.79E-07
74.62601626,1.449986,37647.67962,3.23E-07
74.69105691,1.450002,65290.49029,2.00E-07
74.75609756,1.449988,42232.97213,2.61E-07
74.82113821,1.450002,47542.801,3.00E-07
74.88617886,1.449983,65290.04957,2.00E-07
74.95121951,1.449983,65290.04957,2.00E-07
75.01626016,1.44997,35872.57188,3.33E-07
75.08130081,1.449999,62888.65518,2.00E-07
75.14634146,1.449999,62888.65518,2.00E-07
75.21138211,1.449983,65290.05061,2.00E-07
75.27642276,1.449983,65290.05061,2.00E-07
75.34146341,1.449983,65290.05061,2.00E-07
75.40650407,1.449986,62888.37934,2.00E-07
75.47154472,1.449983,65290.05061,2.00E-07
75.53658537,1.449983,65290.05061,2.00E-07
75.60162602,1.451178,66038.96776,1.99E-07
75.66666667,1.451178,66038.96776,1.99E-07
75.73170732,1.449983,65290.05061,2.00E-07
75.79674797,1.44845,65235.8468,2.01E-07
75.86178862,1.449983,65290.05061,2.00E-07
75.92682927,1.449983,65290.05061,2.00E-07
75.99186992,1.449983,65290.05061,2.00E-07
76.05691057,1.449983,65290.05061,2.00E-07
76.12195122,1.449983,65290.05061,2.00E-07
76.18699187,1.447024,64404.78026,2.02E-07
76.25203252,1.449986,63698.08786,1.98E-07
76.31707317,1.449983,65290.05039,2.00E-07
76.38211382,1.451178,66038.96753,1.99E-07
76.44715447,1.449983,65290.05039,2.00E-07
76.51219512,1.451178,66038.96753,1.99E-07
76.57723577,1.449983,65290.05039,2.00E-07
76.64227642,1.449985,62494.686,2.13E-07
76.70731707,1.449983,66011.78818,1.99E-07
76.77235772,1.449983,66011.78818,1.99E-07
76.83739837,1.449983,66011.78818,1.99E-07
76.90243902,1.448788,65263.08386,2.00E-07
76.96747967,1.448788,65263.08386,2.00E-07
77.03252033,1.449983,66011.78818,1.99E-07
77.09756098,1.449983,66011.78818,1.99E-07
77.16260163,1.449998,49226.0846,2.83E-07
77.22764228,1.457716,66187.53892,1.99E-07
77.29268293,1.456515,65436.96326,2.00E-07
77.35772358,1.457716,66187.53892,1.99E-07
77.42276423,1.457716,66187.53892,1.99E-07
77.48780488,1.457716,66187.53892,1.99E-07
77.55284553,1.457716,66187.53892,1.99E-07
77.61788618,1.457716,66187.53892,1.99E-07
77.68292683,1.457716,66187.53892,1.99E-07
77.74796748,1.457716,66187.53892,1.99E-07
77.81300813,1.457716,66187.53892,1.99E-07
77.87804878,1.457716,66187.53892,1.99E-07
77.94308943,1.457716,66187.53892,1.99E-07
78.00813008,1.457716,66187.53892,1.99E-07
78.07317073,1.457716,66187.53892,1.99E-07
78.13821138,1.457716,66187.53892,1.99E-07
78.20325203,1.457716,66187.53892,1.99E-07
78.26829268,1.457716,66187.53892,1.99E-07
78.33333333,1.450001,37360.63539,3.61E-07
78.39837398,1.449999,66012.15746,1.99E-07
78.46341463,1.449999,66012.15746,1.99E-07
78.52845528,1.449999,66012.15746,1.99E-07
78.59349593,1.449999,66012.15746,1.99E-07
78.65853659,1.449999,66012.15746,1.99E-07
78.72357724,1.449993,45035.26755,2.38E-07
78.78861789,1.450004,61668.3635,2.02E-07
78.85365854,1.449983,66011.78681,1.99E-07
78.91869919,1.449977,46296.97214,2.60E-07
78.98373984,1.449979,58474.4751,2.38E-07
79.04878049,1.449988,41846.58563,2.79E-07
79.11382114,1.449999,66012.15548,1.99E-07
79.17886179,1.449999,66012.15548,1.99E-07
79.24390244,1.449999,66012.15548,1.99E-07
79.30894309,1.449985,59799.84193,2.22E-07
79.37398374,1.449945,44717.5623,2.67E-07
79.43902439,1.450003,66012.24187,1.99E-07
79.50406504,1.449988,43023.32152,2.87E-07
79.56910569,1.45,66012.18327,1.99E-07
79.63414634,1.449994,56657.92674,2.21E-07
79.69918699,1.449983,66011.78426,1.99E-07
79.76422764,1.449985,69470.2017,2.07E-07
79.82926829,1.449992,66011.99122,1.99E-07
79.89430894,1.449992,66011.99122,1.99E-07
79.95934959,1.449992,66011.99122,1.99E-07
80.02439024,1.449992,66011.99122,1.99E-07
80.08943089,1.44999,47412.19458,2.28E-07
80.15447154,1.449983,66011.78595,1.99E-07
80.2195122,1.449983,66011.78595,1.99E-07
80.28455285,1.449983,66011.78595,1.99E-07
80.3495935,1.449983,66011.78595,1.99E-07
80.41463415,1.449983,66011.78595,1.99E-07
80.4796748,1.450011,46387.93435,2.75E-07
80.54471545,1.450001,66012.19532,1.99E-07
80.6097561,1.450001,66012.19532,1.99E-07
80.67479675,1.449983,56097.94995,2.23E-07
80.7398374,1.449981,58200.02905,2.14E-07
80.80487805,1.450003,51226.90825,2.04E-07
80.8699187,1.449983,66011.78166,1.99E-07
80.93495935,1.449975,43472.66648,2.41E-07
81,1.450005,70811.59163,1.95E-07
81.07276507,1.449983,66011.78913,1.99E-07
81.14553015,1.449987,46076.51158,2.21E-07
81.21829522,1.449987,64779.13431,2.03E-07
81.29106029,1.456994,66171.16158,1.99E-07
81.36382536,1.456994,66171.16158,1.99E-07
81.43659044,1.456994,66171.16158,1.99E-07
81.50935551,1.456994,66171.16158,1.99E-07
81.58212058,1.449971,47951.51742,2.35E-07
81.65488565,1.449998,66012.13552,1.99E-07
81.72765073,1.449981,62758.40009,2.07E-07
81.8004158,1.449986,66011.86495,1.99E-07
81.87318087,1.449985,69470.2017,2.07E-07
81.94594595,1.450004,54295.30336,2.32E-07
82.01871102,1.449999,66012.15389,1.99E-07
82.09147609,1.449997,53947.55652,2.00E-07
82.16424116,1.449982,46928.64481,2.58E-07
82.23700624,1.449996,60582.12547,1.93E-07
82.30977131,1.450002,70811.50834,1.95E-07
82.38253638,1.449983,66011.78913,1.99E-07
82.45530146,1.449983,66011.78913,1.99E-07
82.52806653,1.449983,66011.78913,1.99E-07
82.6008316,1.450005,70811.5923,1.95E-07
82.67359667,1.449983,66011.78913,1.99E-07
82.74636175,1.449983,66011.78913,1.99E-07
82.81912682,1.449983,66011.78913,1.99E-07
82.89189189,1.449985,69470.2017,2.07E-07
82.96465696,1.449972,46353.44797,2.54E-07
83.03742204,1.45289,40599.12552,3.22E-07
83.11018711,1.450002,56107.18374,2.26E-07
83.18295218,1.449995,74535.75291,2.03E-07
83.25571726,1.449994,70358.90145,2.01E-07
83.32848233,1.450002,74535.94454,2.03E-07
83.4012474,1.450002,74535.94454,2.03E-07
83.47401247,1.450001,42022.31296,3.26E-07
83.54677755,1.449998,69470.51924,2.07E-07
83.61954262,1.449993,74535.72172,2.03E-07
83.69230769,1.449989,70811.20337,1.95E-07
83.76507277,1.449989,70811.20337,1.95E-07
83.83783784,1.449989,70811.20337,1.95E-07
83.91060291,1.450002,74535.94341,2.03E-07
83.98336798,1.449985,69470.20387,2.07E-07
84.05613306,1.449992,66011.99122,1.99E-07
84.12889813,1.450001,74923.93709,1.98E-07
84.2016632,1.449986,66011.86372,1.99E-07
84.27442827,1.449995,55094.01505,2.06E-07
84.34719335,1.450002,74535.94545,2.03E-07
84.41995842,1.449989,53152.93858,2.22E-07
84.49272349,1.449987,58534.69709,2.46E-07
84.56548857,1.449993,74535.71404,2.03E-07
84.63825364,1.450007,48742.85995,2.57E-07
84.71101871,1.449998,69470.51886,2.07E-07
84.78378378,1.450003,75495.53761,2.02E-07
84.85654886,1.44685,74454.91834,2.03E-07
84.92931393,1.449988,71686.05922,1.98E-07
85.002079,1.450001,43645.72809,2.69E-07
85.07484407,1.450002,70811.5066,1.95E-07
85.14760915,1.449984,59327.55571,2.18E-07
85.22037422,1.450002,70811.50863,1.95E-07
85.29313929,1.450009,52239.9072,2.59E-07
85.36590437,1.450006,45869.79404,2.72E-07
85.43866944,1.450002,74535.94257,2.03E-07
85.51143451,1.44999,61712.77487,1.99E-07
85.58419958,1.449993,42690.57656,2.78E-07
85.65696466,1.450001,75495.46891,2.02E-07
85.72972973,1.449992,74923.69453,1.98E-07
85.8024948,1.450002,74535.94519,2.03E-07
85.87525988,1.450002,74535.94519,2.03E-07
85.94802495,1.450004,74924.02407,1.98E-07
86.02079002,1.450002,74535.94519,2.03E-07
86.09355509,1.449994,70358.90145,2.01E-07
86.16632017,1.441638,74707.0669,1.98E-07
86.23908524,1.450005,70811.57844,1.95E-07
86.31185031,1.450002,74535.94341,2.03E-07
86.38461538,1.456283,69801.98046,2.02E-07
86.45738046,1.449994,70358.90145,2.01E-07
86.53014553,1.450002,74535.94454,2.03E-07
86.6029106,1.449965,47491.24225,2.22E-07
86.67567568,1.450001,74923.93666,1.98E-07
86.74844075,1.449999,60076.35561,2.27E-07
86.82120582,1.450001,44927.81242,2.55E-07
86.89397089,1.450007,74924.08566,1.98E-07
86.96673597,1.450007,74924.08566,1.98E-07
87.03950104,1.449991,42341.00164,2.96E-07
87.11226611,1.45,74923.91064,1.98E-07
87.18503119,1.450001,75495.47245,2.02E-07
87.25779626,1.446848,74454.85408,2.03E-07
87.33056133,1.449071,69472.84852,2.04E-07
87.4033264,1.450009,54612.07685,2.43E-07
87.47609148,1.450007,74924.09778,1.98E-07
87.54885655,1.450002,74535.94519,2.03E-07
87.62162162,1.450004,74924.02407,1.98E-07
87.69438669,1.450005,44156.72764,2.74E-07
87.76715177,1.45,75495.46232,2.02E-07
87.83991684,1.453111,69728.70999,2.02E-07
87.91268191,1.449992,74923.69453,1.98E-07
87.98544699,1.450002,49697.45056,2.41E-07
88.05821206,1.442869,55579.8233,2.77E-07
88.13097713,1.450004,74924.01992,1.98E-07
88.2037422,1.450004,64618.33967,2.04E-07
88.27650728,1.449993,64837.72717,2.07E-07
88.34927235,1.454628,74654.53229,2.03E-07
88.42203742,1.449992,74923.71422,1.98E-07
88.49480249,1.449992,74923.71422,1.98E-07
88.56756757,1.450002,74535.94519,2.03E-07
88.64033264,1.450004,74924.02407,1.98E-07
88.71309771,1.450004,74924.02407,1.98E-07
88.78586279,1.450004,74924.02407,1.98E-07
88.85862786,1.449982,69501.479,2.03E-07
88.93139293,1.450004,74924.00843,1.98E-07
89.004158,1.449992,56514.59206,2.19E-07
89.07692308,1.450005,43732.23714,2.80E-07
89.14968815,1.450004,74924.00534,1.98E-07
89.22245322,1.450002,74535.94519,2.03E-07
89.2952183,1.450004,74924.02407,1.98E-07
89.36798337,1.450004,74924.02407,1.98E-07
89.44074844,1.450004,74924.02407,1.98E-07
89.51351351,1.450004,74924.02407,1.98E-07
89.58627859,1.450004,74924.02407,1.98E-07
89.65904366,1.453027,40076.60138,3.61E-07
89.73180873,1.450004,74924.02407,1.98E-07
89.8045738,1.450004,74924.02407,1.98E-07
89.87733888,1.450004,74924.02407,1.98E-07
89.95010395,1.443526,69634.99989,2.01E-07
90.02286902,1.450004,74924.02407,1.98E-07
90.0956341,1.450004,74924.02407,1.98E-07
90.16839917,1.450004,74924.02407,1.98E-07
90.24116424,1.450004,74924.02407,1.98E-07
90.31392931,1.450004,74924.02407,1.98E-07
90.38669439,1.450004,74924.02407,1.98E-07
90.45945946,1.450004,74924.02407,1.98E-07
90.53222453,1.450004,74924.02407,1.98E-07
90.6049896,1.45,53169.30555,2.33E-07
90.67775468,1.450005,74924.02673,1.98E-07
90.75051975,1.450005,74924.02673,1.98E-07
90.82328482,1.450004,67447.59646,2.17E-07
90.8960499,1.450004,74924.01498,1.98E-07
90.96881497,1.450004,74924.01498,1.98E-07
91.04158004,1.450004,74924.01498,1.98E-07
91.11434511,1.450004,74924.01498,1.98E-07
91.18711019,1.450004,74924.01498,1.98E-07
91.25987526,1.450003,59894.94819,2.21E-07
91.33264033,1.449989,47724.57872,2.46E-07
91.40540541,1.449999,72849.24077,2.06E-07
91.47817048,1.450004,74924.01669,1.98E-07
91.55093555,1.450006,64743.1901,2.41E-07
91.62370062,1.449987,74923.57457,1.98E-07
91.6964657,1.449987,74923.57457,1.98E-07
91.76923077,1.449987,74923.57457,1.98E-07
91.84199584,1.449991,42027.0287,2.89E-07
91.91476091,1.45,74923.89648,1.98E-07
91.98752599,1.45,74923.89648,1.98E-07
92.06029106,1.450005,62975.06275,2.14E-07
92.13305613,1.449993,71367.89207,2.02E-07
92.20582121,1.45498,52535.4045,2.25E-07
92.27858628,1.445583,72739.00794,2.06E-07
92.35135135,1.457268,75111.14826,1.98E-07
92.42411642,1.457268,75111.14826,1.98E-07
92.4968815,1.451948,70862.20633,2.07E-07
92.56964657,1.450002,52274.12823,2.33E-07
92.64241164,1.450004,70240.7611,2.02E-07
92.71517672,1.450001,76629.03293,2.00E-07
92.78794179,1.447734,64641.67993,2.06E-07
92.86070686,1.450004,74924.0158,1.98E-07
92.93347193,1.454686,63320.44359,2.28E-07
93.00623701,1.450001,52367.32423,2.33E-07
93.07900208,1.450004,74924.0026,1.98E-07
93.15176715,1.442765,71190.11388,2.02E-07
93.22453222,1.449976,48591.2725,2.51E-07
93.2972973,1.449987,74923.56938,1.98E-07
93.37006237,1.449998,72849.19877,2.06E-07
93.44282744,1.450004,74924.01669,1.98E-07
93.51559252,1.453077,79169.08952,1.97E-07
93.58835759,1.450001,76629.03351,2.00E-07
93.66112266,1.45,55116.53386,2.57E-07
93.73388773,1.450006,71810.86936,2.05E-07
93.80665281,1.453296,75008.08346,1.98E-07
93.87941788,1.453296,75008.08346,1.98E-07
93.95218295,1.453296,75008.08346,1.98E-07
94.02494802,1.453296,75008.08346,1.98E-07
94.0977131,1.449989,60872.02033,2.09E-07
94.17047817,1.449993,74923.73313,1.98E-07
94.24324324,1.450001,76629.03351,2.00E-07
94.31600832,1.449956,40557.76519,2.93E-07
94.38877339,1.450001,74923.94541,1.98E-07
94.46153846,1.450001,70905.50013,2.03E-07
94.53430353,1.449994,66572.43247,2.01E-07
94.60706861,1.450001,74923.93535,1.98E-07
94.67983368,1.450007,61695.07433,2.20E-07
94.75259875,1.44999,76628.73524,2.00E-07
94.82536383,1.450003,73744.37251,1.88E-07
94.8981289,1.450001,74923.93421,1.98E-07
94.97089397,1.450001,74923.93421,1.98E-07
95.04365904,1.45,55926.12041,2.25E-07
95.11642412,1.449994,74482.50559,2.05E-07
95.18918919,1.449987,74923.57802,1.98E-07
95.26195426,1.449998,72849.19877,2.06E-07
95.33471933,1.450004,70221.96482,2.06E-07
95.40748441,1.450001,74923.93447,1.98E-07
95.48024948,1.450001,74923.93447,1.98E-07
95.55301455,1.450004,49334.74021,2.44E-07
95.62577963,1.449993,78378.75073,2.00E-07
95.6985447,1.449641,76619.90743,2.00E-07
95.77130977,1.449991,74923.68847,1.98E-07
95.84407484,1.449987,53497.93478,2.47E-07
95.91683992,1.450007,74924.07886,1.98E-07
95.98960499,1.450001,76629.03351,2.00E-07
96.06237006,1.450003,74629.69979,1.85E-07
96.13513514,1.449989,49672.1021,2.27E-07
96.20790021,1.449998,59895.48836,2.08E-07
96.28066528,1.450001,76629.02428,2.00E-07
96.35343035,1.450004,74924.0158,1.98E-07
96.42619543,1.44998,52612.27632,2.60E-07
96.4989605,1.450005,76629.13381,2.00E-07
96.57172557,1.450005,76629.13381,2.00E-07
96.64449064,1.450003,73744.37251,1.88E-07
96.71725572,1.449991,40039.54269,3.26E-07
96.79002079,1.449998,79087.10567,1.97E-07
96.86278586,1.450001,76629.03327,2.00E-07
96.93555094,1.450354,78388.07624,2.00E-07
97.00831601,1.450004,74924.0158,1.98E-07
97.08108108,1.45,78378.94379,2.00E-07
97.15384615,1.450003,73744.37251,1.88E-07
97.22661123,1.450001,76629.02971,2.00E-07
97.2993763,1.450001,76629.02971,2.00E-07
97.37214137,1.450003,48723.7616,2.59E-07
97.44490644,1.45,78378.94742,2.00E-07
97.51767152,1.449986,70829.00584,2.09E-07
97.59043659,1.450001,76629.03104,2.00E-07
97.66320166,1.448893,66357.24184,2.13E-07
97.73596674,1.450001,76629.03104,2.00E-07
97.80873181,1.450003,79087.18963,1.97E-07
97.88149688,1.449979,61408.96419,2.16E-07
97.95426195,1.449991,78378.69507,2.00E-07
98.02702703,1.449991,78378.69507,2.00E-07
98.0997921,1.449991,78378.69507,2.00E-07
98.17255717,1.449989,71859.97259,2.08E-07
98.24532225,1.45,80804.6992,1.99E-07
98.31808732,1.45718,74182.8982,1.99E-07
98.39085239,1.450004,79087.20447,1.97E-07
98.46361746,1.449992,72548.5771,2.22E-07
98.53638254,1.459849,58447.70688,2.20E-07
98.60914761,1.45,78378.9395,2.00E-07
98.68191268,1.450003,79087.19435,1.97E-07
98.75467775,1.450003,79087.19435,1.97E-07
98.82744283,1.450003,79087.19435,1.97E-07
98.9002079,1.45,61032.33657,2.36E-07
98.97297297,1.450003,79087.19069,1.97E-07
99.04573805,1.450006,53091.74922,2.65E-07
99.11850312,1.450001,51897.84986,2.40E-07
99.19126819,1.450003,78379.02363,2.00E-07
99.26403326,1.449988,59847.84032,2.09E-07
99.33679834,1.450004,73577.31765,2.05E-07
99.40956341,1.449992,79086.92838,1.97E-07
99.48232848,1.450001,76629.03326,2.00E-07
99.55509356,1.449994,73251.03136,1.98E-07
99.62785863,1.449988,67110.27653,2.03E-07
99.7006237,1.449991,79086.89868,1.97E-07
99.77338877,1.449991,79086.89868,1.97E-07
99.84615385,1.449991,79086.89868,1.97E-07
99.91891892,1.449991,79086.89868,1.97E-07
99.99168399,1.450008,50920.11044,2.65E-07
100.0644491,1.449994,79086.98942,1.97E-07
100.1372141,1.449994,79086.98942,1.97E-07
100.2099792,1.449994,79086.98942,1.97E-07
100.2827443,1.449994,79086.98942,1.97E-07
100.3555094,1.449994,79086.98942,1.97E-07
100.4282744,1.449994,79086.98942,1.97E-07
100.5010395,1.45,78378.94354,2.00E-07
100.5738046,1.450003,79087.19435,1.97E-07
100.6465696,1.45,80804.70155,1.99E-07
100.7193347,1.450004,79087.20447,1.97E-07
100.7920998,1.45,39723.41072,2.75E-07
100.8648649,1.449993,62460.97981,2.55E-07
100.9376299,1.45,72299.37247,2.01E-07
101.010395,1.449991,70475.44953,2.52E-07
101.0831601,1.450002,69767.94786,1.93E-07
101.1559252,1.450001,79087.16757,1.97E-07
101.2286902,1.45,80804.70155,1.99E-07
101.3014553,1.449992,52208.49057,2.41E-07
101.3742204,1.450005,79087.22556,1.97E-07
101.4469854,1.449991,56691.836,2.26E-07
101.5197505,1.450003,79087.18533,1.97E-07
101.5925156,1.450003,79087.18533,1.97E-07
101.6652807,1.45,80804.70155,1.99E-07
101.7380457,1.450004,79087.20447,1.97E-07
101.8108108,1.450004,79087.20447,1.97E-07
101.8835759,1.45,80804.70155,1.99E-07
101.956341,1.45,80804.70155,1.99E-07
102.029106,1.450004,79087.20447,1.97E-07
102.1018711,1.45,80804.70155,1.99E-07
102.1746362,1.45,80804.70155,1.99E-07
102.2474012,1.45,80804.70155,1.99E-07
102.3201663,1.450004,70475.76833,2.52E-07
102.3929314,1.450001,79087.1663,1.97E-07
102.4656965,1.450001,79087.1663,1.97E-07
102.5384615,1.450001,79087.1663,1.97E-07
102.6112266,1.45,80804.70155,1.99E-07
102.6839917,1.45,80804.70155,1.99E-07
102.7567568,1.450004,79087.20447,1.97E-07
102.8295218,1.450003,76738.90452,2.11E-07
102.9022869,1.450005,72745.43197,1.99E-07
102.975052,1.45,69287.79451,2.08E-07
103.047817,1.449969,55177.65108,2.42E-07
103.1205821,1.450003,80804.79011,1.99E-07
103.1933472,1.450003,80804.79011,1.99E-07
103.2661123,1.44375,74821.19809,2.01E-07
103.3388773,1.44999,75442.1146,2.01E-07
103.4116424,1.450005,44102.63017,3.41E-07
103.4844075,1.45,80804.7011,1.99E-07
103.5571726,1.45,80804.7011,1.99E-07
103.6299376,1.450012,41745.64263,3.16E-07
103.7027027,1.450003,80804.77596,1.99E-07
103.7754678,1.450003,80804.77596,1.99E-07
103.8482328,1.450003,80804.77596,1.99E-07
103.9209979,1.450003,80804.77596,1.99E-07
103.993763,1.450003,80804.77596,1.99E-07
104.0665281,1.450003,80804.77596,1.99E-07
104.1392931,1.44999,75442.1146,2.01E-07
104.2120582,1.45,80804.70039,1.99E-07
104.2848233,1.45,80804.70039,1.99E-07
104.3575884,1.45,80804.70039,1.99E-07
104.4303534,1.45,80804.70039,1.99E-07
104.5031185,1.45,80804.70039,1.99E-07
104.5758836,1.45,80804.70039,1.99E-07
104.6486486,1.45,80804.70039,1.99E-07
104.7214137,1.45,80804.70039,1.99E-07
104.7941788,1.450004,71488.87712,2.06E-07
104.8669439,1.449985,47510.51815,2.49E-07
104.9397089,1.450004,80804.79275,1.99E-07
105.012474,1.450004,80804.79275,1.99E-07
105.0852391,1.450004,80804.79275,1.99E-07
105.1580042,1.450004,80804.79275,1.99E-07
105.2307692,1.450004,80804.79275,1.99E-07
105.3035343,1.449991,75426.765,2.00E-07
105.3762994,1.45,80804.70126,1.99E-07
105.4490644,1.45,80804.70126,1.99E-07
105.5218295,1.45,80804.70126,1.99E-07
105.5945946,1.45,80804.70126,1.99E-07
105.6673597,1.450002,68722.53536,2.24E-07
105.7401247,1.450003,80804.77364,1.99E-07
105.8128898,1.450003,80804.77364,1.99E-07
105.8856549,1.450003,80804.77364,1.99E-07
105.95842,1.450003,80804.77364,1.99E-07
106.031185,1.450003,80804.77364,1.99E-07
106.1039501,1.450003,80804.77364,1.99E-07
106.1767152,1.450003,80804.77364,1.99E-07
106.2494802,1.450003,80804.77364,1.99E-07
106.3222453,1.450003,80804.77364,1.99E-07
106.3950104,1.450003,80804.77364,1.99E-07
106.4677755,1.450003,80804.77364,1.99E-07
106.5405405,1.450003,80804.77364,1.99E-07
106.6133056,1.450003,80804.77364,1.99E-07
106.6860707,1.441934,71257.28455,2.03E-07
106.7588358,1.450003,80804.77364,1.99E-07
106.8316008,1.450003,80804.77364,1.99E-07
106.9043659,1.449981,46369.92972,2.64E-07
106.977131,1.449986,62852.52063,2.44E-07
107.049896,1.458352,81034.67254,1.99E-07
107.1226611,1.449994,69825.46707,2.07E-07
107.1954262,1.449992,80804.46639,1.99E-07
107.2681913,1.449992,80804.46639,1.99E-07
107.3409563,1.449992,80804.46639,1.99E-07
107.4137214,1.449992,80804.46639,1.99E-07
107.4864865,1.449992,80804.46639,1.99E-07
107.5592516,1.449999,71976.87183,2.06E-07
107.6320166,1.449992,80804.46575,1.99E-07
107.7047817,1.449992,80804.46575,1.99E-07
107.7775468,1.450005,59147.70237,2.38E-07
107.8503119,1.45,66192.75081,2.59E-07
107.9230769,1.449988,40079.80188,2.83E-07
107.995842,1.45,80804.68644,1.99E-07
108.0686071,1.449995,55862.07377,2.44E-07
108.1413721,1.44999,79923.58304,1.99E-07
108.2141372,1.450001,64975.2272,2.07E-07
108.2869023,1.44999,54350.95863,2.50E-07
108.3596674,1.450005,80804.8422,1.99E-07
108.4324324,1.450005,80804.8422,1.99E-07
108.5051975,1.450005,80804.8422,1.99E-07
108.5779626,1.450005,80804.8422,1.99E-07
108.6507277,1.450005,80804.8422,1.99E-07
108.7234927,1.450005,80804.8422,1.99E-07
108.7962578,1.450005,80804.8422,1.99E-07
108.8690229,1.450005,80804.8422,1.99E-07
108.9417879,1.450005,80804.8422,1.99E-07
109.014553,1.450005,80804.8422,1.99E-07
109.0873181,1.450005,80804.8422,1.99E-07
109.1600832,1.450004,53941.9567,2.53E-07
109.2328482,1.449989,80804.3766,1.99E-07
109.3056133,1.449989,75092.97189,2.00E-07
109.3783784,1.449986,54779.98664,2.39E-07
109.4511435,1.450004,80804.79754,1.99E-07
109.5239085,1.450004,80804.79754,1.99E-07
109.5966736,1.449996,62288.41771,2.16E-07
109.6694387,1.450006,53819.20251,2.56E-07
109.7422037,1.449989,69558.39334,2.03E-07
109.8149688,1.457543,81012.11303,1.99E-07
109.8877339,1.457543,81012.11303,1.99E-07
109.960499,1.455181,69484.46808,2.05E-07
110.033264,1.457543,81012.11303,1.99E-07
110.1060291,1.442615,70283.50795,2.05E-07
110.1787942,1.449994,61081.42683,2.26E-07
110.2515593,1.449986,80804.31474,1.99E-07
110.3243243,1.449986,80804.31474,1.99E-07
110.3970894,1.449986,80804.31474,1.99E-07
110.4698545,1.449986,80804.31474,1.99E-07
110.5426195,1.449986,80804.31474,1.99E-07
110.6153846,1.449986,80804.31474,1.99E-07
110.6881497,1.449986,80804.31474,1.99E-07
110.7609148,1.449986,80804.31474,1.99E-07
110.8336798,1.449986,80804.31474,1.99E-07
110.9064449,1.446356,75409.03889,2.00E-07
110.97921,1.449998,59122.27354,2.19E-07
111.0519751,1.449995,54743.75994,2.51E-07
111.1247401,1.450005,80804.8423,1.99E-07
111.1975052,1.450005,80804.8423,1.99E-07
111.2702703,1.449974,62193.21591,2.18E-07
111.3430353,1.44999,80804.42156,1.99E-07
111.4158004,1.44999,80804.42156,1.99E-07
111.4885655,1.45,70480.507,2.07E-07
111.5613306,1.449986,75502.33355,2.00E-07
111.6340956,1.450004,68024.2306,2.46E-07
111.7068607,1.449999,77539.36562,1.88E-07
111.7796258,1.45,43358.98865,3.11E-07
111.8523909,1.450007,80804.87816,1.99E-07
111.9251559,1.450007,80804.87816,1.99E-07
111.997921,1.450007,80804.87816,1.99E-07
112.0706861,1.44999,55471.55972,2.21E-07
112.1434511,1.449982,80247.28507,1.99E-07
112.2162162,1.450368,80814.78774,1.99E-07
112.2889813,1.444399,80147.37777,2.01E-07
112.3617464,1.450002,77539.46184,1.88E-07
112.4345114,1.449998,55995.60034,2.63E-07
112.5072765,1.45,49787.18855,3.10E-07
112.5800416,1.449999,77539.37218,1.88E-07
112.6528067,1.45,80804.69698,1.99E-07
112.7255717,1.450002,77539.46284,1.88E-07
112.7983368,1.45,80804.69698,1.99E-07
112.8711019,1.45,80804.69698,1.99E-07
112.9438669,1.449995,68821.7297,2.08E-07
113.016632,1.44207,75863.00778,1.93E-07
113.0893971,1.45,80804.69953,1.99E-07
113.1621622,1.45,80804.69953,1.99E-07
113.2349272,1.450005,70685.26569,1.98E-07
113.3076923,1.449993,54232.60419,2.40E-07
113.3804574,1.450005,73283.77883,2.04E-07
113.4532225,1.450003,77539.46871,1.88E-07
113.5259875,1.457399,82523.83392,1.84E-07
113.5987526,1.45,80804.69698,1.99E-07
113.6715177,1.450002,77539.46284,1.88E-07
113.7442827,1.450002,77539.46284,1.88E-07
113.8170478,1.450006,55916.43689,2.43E-07
113.8898129,1.450006,76101.38705,2.04E-07
113.962578,1.45,80804.69902,1.99E-07
114.035343,1.450005,54358.71481,2.23E-07
114.1081081,1.450004,74241.05634,1.99E-07
114.1808732,1.450003,77539.46783,1.88E-07
114.2536383,1.45,80804.69698,1.99E-07
114.3264033,1.45,62936.34891,2.43E-07
114.3991684,1.45,61974.91711,1.98E-07
114.4719335,1.449991,77539.16104,1.88E-07
114.5446985,1.450004,74241.0558,1.99E-07
114.6174636,1.449987,57098.4553,2.09E-07
114.6902287,1.44999,77539.12867,1.88E-07
114.7629938,1.44999,77539.12867,1.88E-07
114.8357588,1.450001,64037.29684,2.01E-07
114.9085239,1.45,80804.69962,1.99E-07
114.981289,1.45,40673.23422,2.81E-07
115.0540541,1.449981,52834.18701,2.54E-07
115.1268191,1.450001,57563.34363,1.94E-07
115.1995842,1.44691,75340.98569,2.09E-07
115.2723493,1.449984,79559.448,1.83E-07
115.3451143,1.449982,79247.8917,1.76E-07
115.4178794,1.449998,70453.6534,1.88E-07
115.4906445,1.449984,86095.22137,1.77E-07
115.5634096,1.449981,67953.93675,1.93E-07
115.6361746,1.44999,77065.85445,1.80E-07
115.7089397,1.450006,54173.72897,2.25E-07
115.7817048,1.450001,82314.17837,1.84E-07
115.8544699,1.449981,69953.261,1.94E-07
115.9272349,1.449992,76220.39911,1.88E-07
116,1.450002,86299.52288,1.84E-07
116.0790514,1.449985,44126.27309,3.03E-07
116.1581028,1.450001,82314.17802,1.84E-07
116.2371542,1.442642,77342.47575,1.88E-07
116.3162055,1.450001,75836.40294,1.89E-07
116.3952569,1.449989,77065.82861,1.80E-07
116.4743083,1.450001,76220.63422,1.88E-07
116.5533597,1.449997,77066.86113,1.85E-07
116.6324111,1.449995,45630.64578,2.48E-07
116.7114625,1.45,82314.16232,1.84E-07
116.7905138,1.45,82314.16232,1.84E-07
116.8695652,1.456915,86725.79668,1.83E-07
116.9486166,1.453043,86389.96093,1.84E-07
117.027668,1.450002,76788.3672,1.93E-07
117.1067194,1.450001,47545.45514,3.28E-07
117.1857708,1.450002,73810.03663,1.90E-07
117.2648221,1.45,76466.50604,1.94E-07
117.3438735,1.449986,86299.05758,1.84E-07
117.4229249,1.449993,85738.81373,1.78E-07
117.5019763,1.449999,86299.43902,1.84E-07
117.5810277,1.450001,75836.40271,1.89E-07
117.6600791,1.449991,77260.29042,1.80E-07
117.7391304,1.45,48530.58553,2.44E-07
117.8181818,1.449999,82314.12745,1.84E-07
117.8972332,1.449982,86095.14647,1.77E-07
117.9762846,1.449982,86095.14647,1.77E-07
118.055336,1.449985,81233.42404,1.76E-07
118.1343874,1.449999,86299.43776,1.84E-07
118.2134387,1.446962,82227.90991,1.84E-07
118.2924901,1.449983,86095.17279,1.77E-07
118.3715415,1.449984,86519.32915,1.83E-07
118.4505929,1.449993,85738.79858,1.78E-07
118.5296443,1.449968,63117.77821,2.02E-07
118.6086957,1.450003,57573.19663,2.29E-07
118.687747,1.457231,86310.02204,1.77E-07
118.7667984,1.457231,86310.02204,1.77E-07
118.8458498,1.457231,86310.02204,1.77E-07
118.9249012,1.453047,85829.01034,1.78E-07
119.0039526,1.450001,80256.30397,1.95E-07
119.083004,1.449973,39530.49792,3.20E-07
119.1620553,1.449992,46904.42928,2.23E-07
119.2411067,1.450004,85739.11772,1.78E-07
119.3201581,1.450004,85739.11772,1.78E-07
119.3992095,1.454179,86219.62604,1.77E-07
119.4782609,1.450004,71308.2589,2.01E-07
119.5573123,1.450003,85739.10677,1.78E-07
119.6363636,1.454179,86219.61504,1.77E-07
119.715415,1.44997,46066.35947,2.70E-07
119.7944664,1.44999,86095.37612,1.77E-07
119.8735178,1.44999,86095.37612,1.77E-07
119.9525692,1.449986,37399.21057,3.54E-07
120.0316206,1.45,85739.01326,1.78E-07
120.1106719,1.454175,86219.521,1.77E-07
120.1897233,1.454175,86219.521,1.77E-07
120.2687747,1.454175,86219.521,1.77E-07
120.3478261,1.454175,86219.521,1.77E-07
120.4268775,1.454175,86219.521,1.77E-07
120.5059289,1.449969,59159.94652,1.94E-07
120.5849802,1.449984,86095.20324,1.77E-07
120.6640316,1.449984,86095.20324,1.77E-07
120.743083,1.449984,86095.20324,1.77E-07
120.8221344,1.449984,86095.20324,1.77E-07
120.9011858,1.449984,86095.20324,1.77E-07
120.9802372,1.449984,86095.20324,1.77E-07
121.0592885,1.44582,85615.38844,1.78E-07
121.1383399,1.449984,86095.20324,1.77E-07
121.2173913,1.449984,86095.20324,1.77E-07
121.2964427,1.449984,86095.20324,1.77E-07
121.3754941,1.449984,86095.20324,1.77E-07
121.4545455,1.449984,86095.20324,1.77E-07
121.5335968,1.449984,86095.20324,1.77E-07
121.6126482,1.449984,86095.20324,1.77E-07
121.6916996,1.449984,86095.20324,1.77E-07
121.770751,1.449984,86095.20324,1.77E-07
121.8498024,1.449984,86095.20324,1.77E-07
121.9288538,1.449989,48240.6264,2.46E-07
122.0079051,1.449999,86095.65546,1.77E-07
122.0869565,1.449999,86095.65546,1.77E-07
122.1660079,1.449999,86095.65546,1.77E-07
122.2450593,1.449986,68964.40117,1.84E-07
122.3241107,1.449984,86095.20883,1.77E-07
122.4031621,1.449984,86095.20883,1.77E-07
122.4822134,1.449984,86095.20883,1.77E-07
122.5612648,1.449984,86095.20883,1.77E-07
122.6403162,1.449984,86095.20883,1.77E-07
122.7193676,1.449974,51782.68474,2.49E-07
122.798419,1.449999,86095.64649,1.77E-07
122.8774704,1.449979,79065.43715,1.81E-07
122.9565217,1.449988,86095.3159,1.77E-07
123.0355731,1.449988,72959.33829,1.84E-07
123.1146245,1.449984,86095.20865,1.77E-07
123.1936759,1.449984,86095.20865,1.77E-07
123.2727273,1.449984,86095.20865,1.77E-07
123.3517787,1.449984,86095.20865,1.77E-07
123.43083,1.449974,49815.31447,2.69E-07
123.5098814,1.448341,53215.95525,2.10E-07
123.5889328,1.450001,58472.84663,1.87E-07
123.6679842,1.449984,86095.22229,1.77E-07
123.7470356,1.449984,86095.22229,1.77E-07
123.826087,1.449982,62474.18218,2.26E-07
123.9051383,1.449997,75961.00285,2.00E-07
123.9841897,1.449975,55033.85646,2.77E-07
124.0632411,1.449989,86095.37356,1.77E-07
124.1422925,1.449968,66597.11157,1.93E-07
124.2213439,1.449983,86095.19289,1.77E-07
124.3003953,1.449983,42990.54095,2.89E-07
124.3794466,1.44999,46680.59865,2.50E-07
124.458498,1.449999,86095.67016,1.77E-07
124.5375494,1.449969,37647.12256,2.86E-07
124.6166008,1.441572,58858.42752,2.02E-07
124.6956522,1.449997,86095.59249,1.77E-07
124.7747036,1.449997,86095.59249,1.77E-07
124.8537549,1.450014,53146.41365,2.46E-07
124.9328063,1.449999,86095.64519,1.77E-07
125.0118577,1.449981,52624.46994,2.21E-07
125.0909091,1.449998,78482.36079,1.96E-07
125.1699605,1.449998,50672.03346,2.27E-07
125.2490119,1.449982,86095.15988,1.77E-07
125.3280632,1.449982,86095.15988,1.77E-07
125.4071146,1.449982,86095.15988,1.77E-07
125.486166,1.449984,43735.31288,2.52E-07
125.5652174,1.449994,86095.52191,1.77E-07
125.6442688,1.449994,86095.52191,1.77E-07
125.7233202,1.449977,64470.81816,2.29E-07
125.8023715,1.449984,86095.224,1.77E-07
125.8814229,1.455368,69953.42309,1.93E-07
125.9604743,1.451649,59998.41393,2.16E-07
126.0395257,1.449984,86095.224,1.77E-07
126.1185771,1.449984,86095.224,1.77E-07
126.1976285,1.449984,86095.224,1.77E-07
126.2766798,1.449977,64526.70905,2.12E-07
126.3557312,1.450001,74595.55829,1.96E-07
126.4347826,1.452982,86184.14662,1.77E-07
126.513834,1.449985,49063.74895,2.36E-07
126.5928854,1.450001,75961.93306,2.12E-07
126.6719368,1.449984,86095.20883,1.77E-07
126.7509881,1.440934,69078.37577,1.92E-07
126.8300395,1.450004,49848.42415,2.81E-07
126.9090909,1.45,86095.68245,1.77E-07
126.9881423,1.45,86095.68245,1.77E-07
127.0671937,1.45,86095.68245,1.77E-07
127.1462451,1.45,86095.68245,1.77E-07
127.2252964,1.45,86095.68245,1.77E-07
127.3043478,1.45,86095.68245,1.77E-07
127.3833992,1.449975,65144.24838,2.01E-07
127.4624506,1.44999,72964.64507,1.84E-07
127.541502,1.449987,86095.31188,1.77E-07
127.6205534,1.449987,86095.31188,1.77E-07
127.6996047,1.449987,86095.31188,1.77E-07
127.7786561,1.449987,86095.31188,1.77E-07
127.8577075,1.449987,86095.31188,1.77E-07
127.9367589,1.449987,86095.31188,1.77E-07
128.0158103,1.449987,86095.31188,1.77E-07
128.0948617,1.449987,86095.31188,1.77E-07
128.173913,1.449987,86095.31188,1.77E-07
128.2529644,1.449987,86095.31188,1.77E-07
128.3320158,1.449987,86095.31188,1.77E-07
128.4110672,1.449987,86095.31188,1.77E-07
128.4901186,1.449987,86095.31188,1.77E-07
128.56917,1.449987,86095.31188,1.77E-07
128.6482213,1.449987,86095.31188,1.77E-07
128.7272727,1.449973,38638.67847,2.58E-07
128.8063241,1.449998,48339.83463,2.16E-07
128.8853755,1.449984,86095.22248,1.77E-07
128.9644269,1.449984,86095.22248,1.77E-07
129.0434783,1.449982,80445.81833,1.82E-07
129.1225296,1.449984,86095.22498,1.77E-07
129.201581,1.449984,86095.22498,1.77E-07
129.2806324,1.449984,86095.22498,1.77E-07
129.3596838,1.449984,86095.22498,1.77E-07
129.4387352,1.449984,86095.22498,1.77E-07
129.5177866,1.449991,55692.13491,2.13E-07
129.5968379,1.45,86095.69077,1.77E-07
129.6758893,1.449984,64655.69119,2.15E-07
129.7549407,1.449982,86095.16287,1.77E-07
129.8339921,1.449982,86095.16287,1.77E-07
129.9130435,1.449973,64456.457,2.03E-07
129.9920949,1.450001,86095.72905,1.77E-07
130.0711462,1.450001,86095.72905,1.77E-07
130.1501976,1.449986,79153.06821,1.83E-07
130.229249,1.449984,86095.20474,1.77E-07
130.3083004,1.449984,86095.20474,1.77E-07
130.3873518,1.449983,51498.68931,2.54E-07
130.4664032,1.449995,86095.54938,1.77E-07
130.5454545,1.449995,86095.54938,1.77E-07
130.6245059,1.449995,86095.54938,1.77E-07
130.7035573,1.449995,86095.54938,1.77E-07
130.7826087,1.449995,86095.54938,1.77E-07
130.8616601,1.449982,82382.076,1.74E-07
130.9407115,1.449984,86095.22266,1.77E-07
131.0197628,1.449984,86095.22266,1.77E-07
131.0988142,1.449984,86095.22266,1.77E-07
131.1778656,1.449985,38181.83175,2.81E-07
131.256917,1.449998,86095.63723,1.77E-07
131.3359684,1.449982,70247.00819,1.84E-07
131.4150198,1.449984,86095.22497,1.77E-07
131.4940711,1.449984,86095.22497,1.77E-07
131.5731225,1.449984,86095.22497,1.77E-07
131.6521739,1.449984,86095.22497,1.77E-07
131.7312253,1.44999,47166.93179,2.25E-07
131.8102767,1.449974,51545.70054,2.25E-07
131.8893281,1.449984,75246.72712,2.00E-07
131.9683794,1.449999,86095.6592,1.77E-07
132.0474308,1.449978,46714.33415,2.13E-07
132.1264822,1.449982,79475.58569,1.84E-07
132.2055336,1.456341,65109.95401,2.06E-07
132.284585,1.449998,56745.09542,1.82E-07
132.3636364,1.449985,58279.39512,2.06E-07
132.4426877,1.449984,86095.22447,1.77E-07
132.5217391,1.449984,86095.22447,1.77E-07
132.6007905,1.441581,84455.08538,1.80E-07
132.6798419,1.449981,88740.29537,1.70E-07
132.7588933,1.449969,47494.20591,2.35E-07
132.8379447,1.449995,75452.41983,1.80E-07
132.916996,1.449986,77808.77196,1.89E-07
132.9960474,1.449993,49543.17546,2.70E-07
133.0750988,1.450004,86095.80679,1.77E-07
133.1541502,1.450004,86095.80679,1.77E-07
133.2332016,1.450004,86095.80679,1.77E-07
133.312253,1.449981,53043.88558,2.38E-07
133.3913043,1.450001,60751.13885,2.07E-07
133.4703557,1.445274,84563.1467,1.80E-07
133.5494071,1.453699,86205.38566,1.77E-07
133.6284585,1.449987,78103.97478,1.82E-07
133.7075099,1.449981,88740.30826,1.70E-07
133.7865613,1.449986,84700.83683,1.80E-07
133.8656126,1.458438,86345.74963,1.77E-07
133.944664,1.449998,70797.53561,1.92E-07
134.0237154,1.449988,42544.76852,2.67E-07
134.1027668,1.450002,86095.7556,1.77E-07
134.1818182,1.444239,83273.54497,1.80E-07
134.2608696,1.450002,86095.7556,1.77E-07
134.3399209,1.453041,48365.59631,2.15E-07
134.4189723,1.450002,86095.7556,1.77E-07
134.4980237,1.449988,43563.47756,2.68E-07
134.5770751,1.449998,86095.63867,1.77E-07
134.6561265,1.449982,41005.27608,2.97E-07
134.7351779,1.449995,88740.71591,1.70E-07
134.8142292,1.449995,88740.71591,1.70E-07
134.8932806,1.449986,84700.83683,1.80E-07
134.972332,1.449993,65880.36446,1.86E-07
135.0513834,1.449996,40749.39701,2.98E-07
135.1304348,1.450002,86095.75556,1.77E-07
135.2094862,1.449981,88740.29537,1.70E-07
135.2885375,1.449984,86095.22392,1.77E-07
135.3675889,1.449981,88740.29537,1.70E-07
135.4466403,1.449981,88740.29537,1.70E-07
135.5256917,1.449992,64878.56994,1.88E-07
135.6047431,1.449995,55002.12891,2.09E-07
135.6837945,1.450002,89555.75256,1.66E-07
135.7628458,1.449981,88740.30971,1.70E-07
135.8418972,1.449973,52869.09175,2.37E-07
135.9209486,1.449974,58051.03717,2.63E-07
136,1.450002,88740.93005,1.70E-07
136.1,1.449979,74213.50794,1.76E-07
136.2,1.449982,88740.33214,1.70E-07
136.3,1.449983,56565.92002,2.48E-07
136.4,1.449976,39648.7431,2.91E-07
136.5,1.459913,45824.07214,2.40E-07
136.6,1.449995,53855.48375,2.09E-07
136.7,1.449991,45617.04581,2.46E-07
136.8,1.449994,88740.69842,1.70E-07
136.9,1.45,80202.385,1.74E-07
137,1.449975,60876.0811,2.59E-07
137.1,1.449971,45420.9033,2.57E-07
137.2,1.45,88740.88332,1.70E-07
137.3,1.449981,72138.57235,1.83E-07
137.4,1.449968,52745.42897,2.09E-07
137.5,1.450002,88740.92626,1.70E-07
137.6,1.45,89364.63388,1.73E-07
137.7,1.449978,68171.52602,2.39E-07
137.8,1.449999,88740.86293,1.70E-07
137.9,1.449999,88740.86293,1.70E-07
138,1.449999,88740.86293,1.70E-07
138.1,1.449999,88740.86293,1.70E-07
138.2,1.45,88740.8773,1.70E-07
138.3,1.449975,72066.66653,2.08E-07
138.4,1.449999,62209.56807,1.83E-07
138.5,1.449986,89555.2751,1.66E-07
138.6,1.449981,88740.30971,1.70E-07
138.7,1.45,81469.20927,1.75E-07
138.8,1.449978,85952.68847,1.74E-07
138.9,1.449994,60575.55095,2.36E-07
139,1.450002,89555.75638,1.66E-07
139.1,1.449976,51907.06223,2.06E-07
139.2,1.449995,71956.80292,2.03E-07
139.3,1.450001,89555.72706,1.66E-07
139.4,1.450001,89555.72706,1.66E-07
139.5,1.449976,71010.25615,2.02E-07
139.6,1.449979,71956.38961,2.03E-07
139.7,1.449994,85953.18126,1.74E-07
139.8,1.443342,89349.93111,1.66E-07
139.9,1.443342,89349.93111,1.66E-07
140,1.449977,72183.87188,2.01E-07
140.1,1.449999,89555.67587,1.66E-07
140.2,1.449999,89555.67587,1.66E-07
140.3,1.449981,85630.46114,1.77E-07
140.4,1.449983,88740.34767,1.70E-07
140.5,1.45,81060.02532,1.71E-07
140.6,1.449999,54715.21739,2.06E-07
140.7,1.449996,84183.24191,1.84E-07
140.8,1.449964,53393.98449,2.28E-07
140.9,1.441181,89283.0266,1.66E-07
141,1.441181,89283.0266,1.66E-07
141.1,1.441181,89283.0266,1.66E-07
141.2,1.450001,45866.7036,2.80E-07
141.3,1.449997,63852.24572,1.86E-07
141.4,1.449989,89555.36261,1.66E-07
141.5,1.449989,89555.36261,1.66E-07
141.6,1.450001,46028.04283,2.92E-07
141.7,1.450005,89555.8581,1.66E-07
141.8,1.450005,89555.8581,1.66E-07
141.9,1.450005,89555.8581,1.66E-07
142,1.449981,89364.06204,1.73E-07
142.1,1.449993,47553.11916,2.67E-07
142.2,1.450004,83781.17591,1.77E-07
142.3,1.458162,89807.31852,1.66E-07
142.4,1.449988,39276.92849,3.52E-07
142.5,1.450005,84217.37368,1.74E-07
142.6,1.449968,52596.37364,2.23E-07
142.7,1.450002,89555.75405,1.66E-07
142.8,1.450002,89555.75405,1.66E-07
142.9,1.449975,71023.2758,2.03E-07
143,1.450002,89555.77025,1.66E-07
143.1,1.449973,48805.49288,2.26E-07
143.2,1.450001,63852.34685,1.86E-07
143.3,1.449992,43136.48397,2.50E-07
143.4,1.450007,54837.71644,2.47E-07
143.5,1.449965,44423.7965,2.77E-07
143.6,1.449983,89555.16044,1.66E-07
143.7,1.449983,89555.16044,1.66E-07
143.8,1.449974,70328.34537,1.81E-07
143.9,1.449987,89555.29541,1.66E-07
144,1.449978,73992.60226,1.74E-07
144.1,1.449984,68001.06026,1.78E-07
144.2,1.449987,89555.28696,1.66E-07
144.3,1.449987,89555.28696,1.66E-07
144.4,1.449987,89555.28696,1.66E-07
144.5,1.449987,89555.28696,1.66E-07
144.6,1.449987,89555.28696,1.66E-07
144.7,1.449987,89555.28696,1.66E-07
144.8,1.449987,89555.28696,1.66E-07
144.9,1.449987,89555.28696,1.66E-07
145,1.449987,89555.28696,1.66E-07
145.1,1.449987,89555.28696,1.66E-07
145.2,1.449987,89555.28696,1.66E-07
145.3,1.449987,89555.28696,1.66E-07
145.4,1.449986,50007.33331,3.12E-07
145.5,1.449998,89555.63071,1.66E-07
145.6,1.449962,44876.35038,2.26E-07
145.7,1.449978,54691.38995,1.96E-07
145.8,1.449995,68196.05091,1.77E-07
145.9,1.449994,58909.34448,2.01E-07
146,1.450007,43220.00063,2.63E-07
146.1,1.450004,89555.83458,1.66E-07
146.2,1.449974,52510.47909,2.42E-07
146.3,1.449993,62669.81202,1.97E-07
146.4,1.450004,47308.39875,2.34E-07
146.5,1.449994,89555.50711,1.66E-07
146.6,1.449994,89555.50711,1.66E-07
146.7,1.449987,58082.10579,2.11E-07
146.8,1.45,54691.81155,1.96E-07
146.9,1.450002,89555.74546,1.66E-07
147,1.450002,89555.74546,1.66E-07
147.1,1.449987,47308.13354,2.34E-07
147.2,1.449996,68144.75095,1.81E-07
147.3,1.449976,70870.35434,1.82E-07
147.4,1.449982,89555.12716,1.66E-07
147.5,1.449982,89555.12716,1.66E-07
147.6,1.44999,59816.43305,2.21E-07
147.7,1.449996,57035.85051,2.34E-07
147.8,1.449971,36703.74356,3.64E-07
147.9,1.449999,53457.21238,1.84E-07
148,1.449998,40018.42251,2.98E-07
148.1,1.450004,70871.03709,1.82E-07
148.2,1.44998,54691.43849,1.96E-07
148.3,1.450002,89555.74546,1.66E-07
148.4,1.450001,41028.56456,2.91E-07
148.5,1.449992,74503.48526,1.54E-07
148.6,1.449996,42069.55509,3.00E-07
148.7,1.45,89555.69357,1.66E-07
148.8,1.45,89555.69357,1.66E-07
148.9,1.45,89555.69357,1.66E-07
149,1.45,89555.69357,1.66E-07
149.1,1.45,89555.69357,1.66E-07
149.2,1.45,89555.69357,1.66E-07
149.3,1.449984,48804.57989,2.56E-07
149.4,1.449992,82007.6978,1.76E-07
149.5,1.449999,67316.00892,1.78E-07
149.6,1.45,76567.55155,1.80E-07
149.7,1.449983,79470.74457,1.77E-07
149.8,1.45,67785.62808,1.84E-07
149.9,1.449988,89555.3287,1.66E-07
150,1.449978,84182.70634,1.84E-07
150.1,1.45,62823.93254,2.40E-07
150.2,1.449998,89555.6344,1.66E-07
150.3,1.449998,89555.6344,1.66E-07
150.4,1.449998,89555.6344,1.66E-07
150.5,1.449998,89555.6344,1.66E-07
150.6,1.449995,35738.69138,3.36E-07
150.7,1.45,82007.91403,1.76E-07
150.8,1.449981,89555.11292,1.66E-07
150.9,1.449977,70758.85834,1.92E-07
151,1.449982,79470.72612,1.77E-07
151.1,1.450001,62823.94448,2.40E-07
151.2,1.449998,89555.6344,1.66E-07
151.3,1.449998,89555.6344,1.66E-07
151.4,1.449998,89555.6344,1.66E-07
151.5,1.449998,89555.6344,1.66E-07
151.6,1.450001,62823.94076,2.40E-07
151.7,1.449998,89555.6344,1.66E-07
151.8,1.449998,89555.6344,1.66E-07
151.9,1.449998,89555.6344,1.66E-07
152,1.449998,89555.6344,1.66E-07
152.1,1.449998,89555.6344,1.66E-07
152.2,1.447781,87753.90975,1.67E-07
152.3,1.449998,89555.6344,1.66E-07
152.4,1.440254,87906.97132,1.69E-07
152.5,1.449998,89555.6344,1.66E-07
152.6,1.449972,75834.38462,1.67E-07
152.7,1.449967,51297.68184,2.12E-07
152.8,1.450002,89555.75967,1.66E-07
152.9,1.450002,89555.75967,1.66E-07
153,1.450002,89555.75967,1.66E-07
153.1,1.450002,89555.75967,1.66E-07
153.2,1.450002,89555.75967,1.66E-07
153.3,1.449989,41800.19061,2.54E-07
153.4,1.449998,89555.63372,1.66E-07
153.5,1.449998,89555.63372,1.66E-07
153.6,1.449998,89555.63372,1.66E-07
153.7,1.449998,89555.63372,1.66E-07
153.8,1.449998,89555.63372,1.66E-07
153.9,1.449998,89555.63372,1.66E-07
154,1.449998,89555.63372,1.66E-07
154.1,1.445148,77695.10382,1.88E-07
154.2,1.449998,89555.63372,1.66E-07
154.3,1.449998,89555.63372,1.66E-07
154.4,1.449998,89555.63372,1.66E-07
154.5,1.449998,89555.63372,1.66E-07
154.6,1.449998,89555.63372,1.66E-07
154.7,1.449998,89555.63372,1.66E-07
154.8,1.449998,89555.63372,1.66E-07
154.9,1.449998,89555.63372,1.66E-07
155,1.449998,89555.63372,1.66E-07
155.1,1.449998,89555.63372,1.66E-07
155.2,1.449998,89555.63372,1.66E-07
155.3,1.449974,43766.5735,2.30E-07
155.4,1.449999,89555.68108,1.66E-07
155.5,1.449999,89555.68108,1.66E-07
155.6,1.449999,89555.68108,1.66E-07
155.7,1.449999,89555.68108,1.66E-07
155.8,1.449999,89555.68108,1.66E-07
155.9,1.449999,89555.68108,1.66E-07
156,1.449999,89555.68108,1.66E-07
156.1,1.449999,89555.68108,1.66E-07
156.2,1.450001,36022.00446,3.38E-07
156.3,1.449969,52952.32397,1.91E-07
156.4,1.449991,52975.29448,1.94E-07
156.5,1.45,80596.10168,1.74E-07
156.6,1.449988,89555.32703,1.66E-07
156.7,1.449974,56450.42165,2.50E-07
156.8,1.450009,61729.452,2.24E-07
156.9,1.449985,55914.93805,2.04E-07
157,1.45,89555.6824,1.66E-07
157.1,1.449979,82250.40486,1.85E-07
157.2,1.449981,77028.18368,1.89E-07
157.3,1.449975,61435.51017,2.08E-07
157.4,1.449969,44893.33947,2.29E-07
157.5,1.45,89555.70591,1.66E-07
157.6,1.45,89555.70591,1.66E-07
157.7,1.45,89555.70591,1.66E-07
157.8,1.45,89555.70591,1.66E-07
157.9,1.45,89555.70591,1.66E-07
158,1.449989,46689.76919,2.96E-07
158.1,1.450003,83484.525,1.69E-07
158.2,1.450006,47669.34363,2.79E-07
158.3,1.449997,44611.3834,2.13E-07
158.4,1.450002,88086.36773,1.68E-07
158.5,1.442147,80812.98601,1.71E-07
158.6,1.45603,89741.66091,1.66E-07
158.7,1.45,52948.07805,1.97E-07
158.8,1.449997,83605.75642,1.62E-07
158.9,1.45,56753.77511,2.01E-07
159,1.450001,88086.35827,1.68E-07
159.1,1.442618,79989.58884,1.71E-07
159.2,1.449973,43661.78866,2.19E-07
159.3,1.44998,89555.0698,1.66E-07
159.4,1.449974,64992.00493,1.88E-07
159.5,1.449993,68380.97401,2.07E-07
159.6,1.450003,54979.62812,2.30E-07
159.7,1.449994,89555.50665,1.66E-07
159.8,1.449973,58590.96739,2.19E-07
159.9,1.44997,55987.23267,2.25E-07
160,1.449995,74567.70796,1.85E-07
160.1,1.447818,80133.57748,1.71E-07
160.2,1.45,82088.68535,1.70E-07
160.3,1.449976,69795.85581,1.83E-07
160.4,1.45,71413.78271,1.88E-07
160.5,1.449977,80900.45062,1.73E-07
160.6,1.449995,59934.22639,2.48E-07
160.7,1.449999,48492.32765,2.77E-07
160.8,1.449994,89555.507,1.66E-07
160.9,1.449994,89555.507,1.66E-07
161,1.45,83191.15385,1.74E-07
161.1,1.449984,89555.21181,1.66E-07
161.2,1.45,61261.65522,2.47E-07
161.3,1.449993,45998.76478,2.86E-07
161.4,1.449995,68381.66339,2.10E-07
161.5,1.44998,77921.89539,1.92E-07
161.6,1.45,47452.9493,2.39E-07
161.7,1.45,76340.47847,1.77E-07
161.8,1.45,61261.6557,2.47E-07
161.9,1.449976,64024.76954,2.10E-07
162,1.45,71620.10548,1.76E-07
162.1,1.449981,89555.1042,1.66E-07
162.2,1.450004,37977.65036,3.56E-07
162.3,1.450005,89555.8372,1.66E-07
162.4,1.450005,89555.8372,1.66E-07
162.5,1.450005,89555.8372,1.66E-07
162.6,1.449981,77921.91798,1.92E-07
162.7,1.449981,77921.91798,1.92E-07
162.8,1.45,61261.65582,2.47E-07
162.9,1.45,69755.75971,1.90E-07
163,1.449978,41509.24212,2.30E-07
163.1,1.449988,41112.45528,3.38E-07
163.2,1.45,71809.73417,1.95E-07
163.3,1.449977,54816.10086,2.03E-07
163.4,1.449998,89555.63722,1.66E-07
163.5,1.449998,89555.63722,1.66E-07
163.6,1.449998,89555.63722,1.66E-07
163.7,1.449998,89555.63722,1.66E-07
163.8,1.449983,81403.70653,1.83E-07
163.9,1.449982,71619.67888,1.76E-07
164,1.449981,89555.10419,1.66E-07
164.1,1.449981,89555.10419,1.66E-07
164.2,1.449981,89555.10419,1.66E-07
164.3,1.449981,89555.10419,1.66E-07
164.4,1.449981,71619.6405,1.76E-07
164.5,1.449981,89555.10419,1.66E-07
164.6,1.459378,70533.57364,1.88E-07
164.7,1.449981,89555.10419,1.66E-07
164.8,1.449981,89555.10419,1.66E-07
164.9,1.45,70558.80831,1.91E-07
165,1.45,98877.89775,1.63E-07
165.1,1.44125,89285.16798,1.66E-07
165.2,1.44125,89285.16798,1.66E-07
165.3,1.44125,89285.16798,1.66E-07
165.4,1.44125,89285.16798,1.66E-07
165.5,1.449989,55709.15122,1.94E-07
165.6,1.449992,50120.66117,2.26E-07
165.7,1.449994,82598.91603,1.70E-07
165.8,1.449949,40222.88183,3.27E-07
165.9,1.450002,78157.46905,1.81E-07
166,1.449987,98877.4348,1.63E-07
166.1527778,1.449987,98877.4348,1.63E-07
166.3055556,1.441237,89284.74996,1.66E-07
166.4583333,1.449997,80028.13633,1.73E-07
166.6111111,1.45,66401.99691,1.80E-07
166.7638889,1.449993,65381.89818,1.74E-07
166.9166667,1.45,61482.51696,2.54E-07
167.0694444,1.450001,98877.91983,1.63E-07
167.2222222,1.441251,89285.18792,1.66E-07
167.375,1.45,62441.43871,2.16E-07
167.5277778,1.45051,98895.25154,1.63E-07
167.6805556,1.45051,98895.25154,1.63E-07
167.8333333,1.45051,98895.25154,1.63E-07
167.9861111,1.45,76008.54645,2.11E-07
168.1388889,1.450875,99775.89973,1.71E-07
168.2916667,1.450001,45414.05231,2.51E-07
168.4444444,1.45,98877.87448,1.63E-07
168.5972222,1.449997,71292.32234,1.75E-07
168.75,1.450002,44739.59702,2.32E-07
168.9027778,1.449999,71292.37204,1.75E-07
169.0555556,1.450002,64811.14459,2.38E-07
169.2083333,1.449999,98877.85224,1.63E-07
169.3611111,1.449997,71292.32234,1.75E-07
169.5138889,1.450001,41322.99298,2.46E-07
169.6666667,1.449977,52301.70175,2.26E-07
169.8194444,1.450001,95270.37616,1.71E-07
169.9722222,1.449989,66904.24053,1.87E-07
170.125,1.449991,38497.79421,2.87E-07
170.2777778,1.449999,50925.36495,2.23E-07
170.4305556,1.45,98877.86873,1.63E-07
170.5833333,1.449989,47824.08379,2.51E-07
170.7361111,1.449998,98877.82674,1.63E-07
170.8888889,1.452069,80801.65049,1.80E-07
171.0416667,1.449998,98877.82674,1.63E-07
171.1944444,1.449998,98877.82674,1.63E-07
171.3472222,1.449956,40383.31227,3.13E-07
171.5,1.45,98877.86541,1.63E-07
171.6527778,1.45,98877.86541,1.63E-07
171.8055556,1.45207,80801.68208,1.80E-07
171.9583333,1.45,53925.82014,2.01E-07
172.1111111,1.449987,98877.44493,1.63E-07
172.2638889,1.449987,98877.44493,1.63E-07
172.4166667,1.449987,98877.44493,1.63E-07
172.5694444,1.449987,98877.44493,1.63E-07
172.7222222,1.449987,98877.44493,1.63E-07
172.875,1.449987,98877.44493,1.63E-07
173.0277778,1.449978,41543.18995,2.82E-07
173.1805556,1.450001,98877.92484,1.63E-07
173.3333333,1.453024,53225.77872,3.22E-07
173.4861111,1.449986,79019.09371,2.08E-07
173.6388889,1.449998,98877.80955,1.63E-07
173.7916667,1.449998,98877.80955,1.63E-07
173.9444444,1.449985,68327.42179,2.06E-07
174.0972222,1.45,98877.87429,1.63E-07
174.25,1.45,98877.87429,1.63E-07
174.4027778,1.449976,65511.89404,1.81E-07
174.5555556,1.449999,89268.88862,1.82E-07
174.7083333,1.45,67856.2153,1.89E-07
174.8611111,1.449973,52189.88554,2.06E-07
175.0138889,1.449989,98877.50111,1.63E-07
175.1666667,1.449989,98877.50111,1.63E-07
175.3194444,1.449995,60841.67514,2.05E-07
175.4722222,1.45,98877.87768,1.63E-07
175.625,1.45,98877.87768,1.63E-07
175.7777778,1.45,98877.87768,1.63E-07
175.9305556,1.45,98877.87768,1.63E-07
176.0833333,1.449992,38593.31887,2.45E-07
176.2361111,1.45,98877.87817,1.63E-07
176.3888889,1.45,98877.87817,1.63E-07
176.5416667,1.45,98877.87817,1.63E-07
176.6944444,1.449988,85116.41464,1.72E-07
176.8472222,1.449995,46022.13389,2.45E-07
177,1.449998,77374.04376,2.06E-07
177.1527778,1.449991,98877.57837,1.63E-07
177.3055556,1.450001,89268.95999,1.82E-07
177.4583333,1.45,46231.23649,2.86E-07
177.6111111,1.449998,87481.4321,1.84E-07
177.7638889,1.458714,99174.47044,1.63E-07
177.9166667,1.449978,60999.3245,1.88E-07
178.0694444,1.449985,45461.86801,2.79E-07
178.2222222,1.449999,98877.83139,1.63E-07
178.375,1.449999,98877.83139,1.63E-07
178.5277778,1.449999,98877.83139,1.63E-07
178.6805556,1.449999,98877.83139,1.63E-07
178.8333333,1.449999,98877.83139,1.63E-07
178.9861111,1.449998,96038.02185,1.69E-07
179.1388889,1.449978,55432.18391,2.13E-07
179.2916667,1.450001,87528.45826,1.77E-07
179.4444444,1.45,47614.1254,2.62E-07
179.5972222,1.449999,98877.85276,1.63E-07
179.75,1.449999,98877.85276,1.63E-07
179.9027778,1.449999,98877.85276,1.63E-07
180.0555556,1.449999,98877.85276,1.63E-07
180.2083333,1.449988,61320.16086,1.87E-07
180.3611111,1.449998,98877.80811,1.63E-07
180.5138889,1.449998,98877.80811,1.63E-07
180.6666667,1.449998,98877.80811,1.63E-07
180.8194444,1.449988,73985.46014,1.93E-07
180.9722222,1.450002,87176.23515,1.69E-07
181.125,1.449981,52705.6063,2.32E-07
181.2777778,1.450001,98877.91749,1.63E-07
181.4305556,1.450001,98877.91749,1.63E-07
181.5833333,1.449967,29593.48362,4.43E-07
181.7361111,1.45,98877.87647,1.63E-07
181.8888889,1.449983,60734.83555,1.69E-07
182.0416667,1.45,58855.00928,1.97E-07
182.1944444,1.450001,98877.92458,1.63E-07
182.3472222,1.450001,98877.92458,1.63E-07
182.5,1.450001,98877.92458,1.63E-07
182.6527778,1.450001,98877.92458,1.63E-07
182.8055556,1.450001,98877.92458,1.63E-07
182.9583333,1.449983,75876.63011,1.75E-07
183.1111111,1.45,63456.77974,1.85E-07
183.2638889,1.449995,98877.71333,1.63E-07
183.4166667,1.449995,98877.71333,1.63E-07
183.5694444,1.449995,98877.71333,1.63E-07
183.7222222,1.449995,98877.71333,1.63E-07
183.875,1.45,98877.86561,1.63E-07
184.0277778,1.45,98877.86561,1.63E-07
184.1805556,1.45,98877.86561,1.63E-07
184.3333333,1.45,98877.86561,1.63E-07
184.4861111,1.45,98877.86561,1.63E-07
184.6388889,1.45,98877.86561,1.63E-07
184.7916667,1.45,98877.86561,1.63E-07
184.9444444,1.449985,90064.00538,1.73E-07
185.0972222,1.450005,50353.39194,2.39E-07
185.25,1.450007,49305.8533,2.15E-07
185.4027778,1.45,98877.87436,1.63E-07
185.5555556,1.45,98877.87436,1.63E-07
185.7083333,1.450003,48451.19318,2.69E-07
185.8611111,1.449999,86990.75891,1.67E-07
186.0138889,1.450002,65213.53934,2.08E-07
186.1666667,1.449998,98877.81476,1.63E-07
186.3194444,1.450001,69881.8483,2.00E-07
186.4722222,1.45,98877.86956,1.63E-07
186.625,1.45,98877.86956,1.63E-07
186.7777778,1.45,98877.86956,1.63E-07
186.9305556,1.45,98877.86956,1.63E-07
187.0833333,1.45,98877.86956,1.63E-07
187.2361111,1.45,98877.86956,1.63E-07
187.3888889,1.450004,62489.04061,2.65E-07
187.5416667,1.449999,89940.61247,1.78E-07
187.6944444,1.449985,69881.48243,2.00E-07
187.8472222,1.449993,46435.34319,2.78E-07
188,1.45,105567.8651,1.62E-07
188.1671159,1.450004,62489.03644,2.65E-07
188.3342318,1.449999,98877.8464,1.63E-07
188.5013477,1.449982,79634.25817,1.82E-07
188.6684636,1.450003,71938.09089,2.20E-07
188.8355795,1.450001,74387.366,2.24E-07
189.0026954,1.449985,69881.48185,2.00E-07
189.1698113,1.450001,98877.92056,1.63E-07
189.3369272,1.450001,98877.92056,1.63E-07
189.5040431,1.449999,50188.61394,2.76E-07
189.671159,1.449992,48629.41503,2.45E-07
189.8382749,1.449993,77425.33435,2.15E-07
190.0053908,1.449989,58476.79677,2.56E-07
190.1725067,1.449999,105567.8335,1.62E-07
190.3396226,1.449999,54026.79694,2.53E-07
190.5067385,1.449999,98877.86025,1.63E-07
190.6738544,1.449997,45832.02325,2.69E-07
190.8409704,1.45,98877.87486,1.63E-07
191.0080863,1.454251,105722.4706,1.62E-07
191.1752022,1.449985,77928.29045,1.82E-07
191.3423181,1.449975,52087.86737,2.38E-07
191.509434,1.449999,86471.96672,1.72E-07
191.6765499,1.450001,77425.54631,2.15E-07
191.8436658,1.45,105567.8652,1.62E-07
192.0107817,1.45,105567.8652,1.62E-07
192.1778976,1.45,105567.8652,1.62E-07
192.3450135,1.45,105567.8652,1.62E-07
192.5121294,1.445761,98733.27884,1.63E-07
192.6792453,1.450001,47999.74906,2.57E-07
192.8463612,1.45,100655.6017,1.67E-07
193.0134771,1.449993,53876.46464,2.15E-07
193.180593,1.450002,88039.51852,1.67E-07
193.3477089,1.449997,43619.03245,2.68E-07
193.5148248,1.449995,77928.57994,1.82E-07
193.6819407,1.449995,105567.6829,1.62E-07
193.8490566,1.45,88039.46323,1.67E-07
194.0161725,1.45,55426.25376,2.76E-07
194.1832884,1.45,105567.8666,1.62E-07
194.3504043,1.449988,49133.09278,2.22E-07
194.5175202,1.449975,47986.52028,2.50E-07
194.6846361,1.449998,105567.8069,1.62E-07
194.851752,1.449998,105567.8069,1.62E-07
195.0188679,1.449998,100668.714,1.56E-07
195.1859838,1.449999,49133.26541,2.22E-07
195.3530997,1.449997,82203.30403,2.05E-07
195.5202156,1.449985,77928.29229,1.82E-07
195.6873315,1.449985,66090.78036,2.10E-07
195.8544474,1.449999,105567.8489,1.62E-07
196.0215633,1.449999,105567.8489,1.62E-07
196.1886792,1.449999,105567.8489,1.62E-07
196.3557951,1.449998,61574.38547,2.32E-07
196.5229111,1.45,105567.8762,1.62E-07
196.690027,1.449996,45935.69677,2.31E-07
196.8571429,1.45,105567.8593,1.62E-07
197.0242588,1.449987,58432.07542,2.32E-07
197.1913747,1.45,86298.91,1.78E-07
197.3584906,1.45,49220.11221,2.41E-07
197.5256065,1.450001,82793.18629,1.82E-07
197.6927224,1.449995,105567.678,1.62E-07
197.8598383,1.449995,105567.678,1.62E-07
198.0269542,1.449995,105567.678,1.62E-07
198.1940701,1.449995,105567.678,1.62E-07
198.361186,1.449995,105567.678,1.62E-07
198.5283019,1.449995,105567.678,1.62E-07
198.6954178,1.449995,105567.678,1.62E-07
198.8625337,1.449995,105567.678,1.62E-07
199.0296496,1.449995,105567.678,1.62E-07
199.1967655,1.449995,105567.678,1.62E-07
199.3638814,1.449995,105567.678,1.62E-07
199.5309973,1.449995,105567.678,1.62E-07
199.6981132,1.449995,105567.678,1.62E-07
199.8652291,1.449995,105567.678,1.62E-07
200.032345,1.449995,105567.678,1.62E-07
200.1994609,1.449995,105567.678,1.62E-07
200.3665768,1.449995,105567.678,1.62E-07
200.5336927,1.449995,105567.678,1.62E-07
200.7008086,1.449984,82792.71178,1.82E-07
200.8679245,1.449995,105567.678,1.62E-07
201.0350404,1.449965,35251.27756,3.04E-07
201.2021563,1.450003,105567.9751,1.62E-07
201.3692722,1.449985,83547.81766,1.82E-07
201.5363881,1.449999,105567.8301,1.62E-07
201.703504,1.449999,105567.8301,1.62E-07
201.8706199,1.449999,105567.8301,1.62E-07
202.0377358,1.45,60336.83198,1.97E-07
202.2048518,1.44999,89468.11742,1.65E-07
202.3719677,1.458696,105883.8414,1.62E-07
202.5390836,1.449992,40597.51298,2.49E-07
202.7061995,1.449999,52560.45442,1.85E-07
202.8733154,1.44998,54999.43971,2.09E-07
203.0404313,1.449999,95797.16092,1.74E-07
203.2075472,1.450002,58321.71677,2.16E-07
203.3746631,1.450001,49249.85856,2.76E-07
203.541779,1.45,66926.42583,1.82E-07
203.7088949,1.45,61669.67907,1.65E-07
203.8760108,1.449964,45956.12973,2.28E-07
204.0431267,1.450011,61165.05688,1.61E-07
204.2102426,1.450002,77989.76005,1.94E-07
204.3773585,1.450001,102608.5927,1.64E-07
204.5444744,1.45,55158.93146,2.00E-07
204.7115903,1.449985,52438.37681,2.33E-07
204.8787062,1.449999,105567.8488,1.62E-07
205.0458221,1.450007,61164.98351,1.61E-07
205.212938,1.450007,52426.99168,2.54E-07
205.3800539,1.45,83408.19759,2.14E-07
205.5471698,1.450001,44167.77285,3.30E-07
205.7142857,1.449997,70259.01477,2.25E-07
205.8814016,1.449988,54168.34145,2.23E-07
206.0485175,1.449993,52426.73855,2.54E-07
206.2156334,1.45,79752.91792,1.52E-07
206.3827493,1.45,66926.44072,1.82E-07
206.5498652,1.450008,33156.5016,4.10E-07
206.7169811,1.449999,105567.8295,1.62E-07
206.884097,1.449988,46751.05445,2.35E-07
207.0512129,1.45,56238.25704,2.26E-07
207.2183288,1.449975,66925.84628,1.82E-07
207.3854447,1.449979,59795.0058,2.26E-07
207.5525606,1.450022,40972.00548,3.26E-07
207.7196766,1.45,81524.52339,1.69E-07
207.8867925,1.45001,69847.93191,1.61E-07
208.0539084,1.456956,60580.78156,2.22E-07
208.2210243,1.45,68833.79517,2.11E-07
208.3881402,1.45,66926.42982,1.82E-07
208.5552561,1.446311,49338.6113,2.54E-07
208.722372,1.450002,39925.00852,2.86E-07
208.8894879,1.449998,73007.4231,1.94E-07
209.0566038,1.45,66926.43861,1.82E-07
209.2237197,1.45,63375.01602,1.83E-07
209.3908356,1.449979,66217.09566,2.08E-07
209.5579515,1.449997,93391.29963,1.51E-07
209.7250674,1.45,32849.67897,4.68E-07
209.8921833,1.45,105567.8673,1.62E-07
210.0592992,1.45,105567.8673,1.62E-07
210.2264151,1.45,105567.8673,1.62E-07
210.393531,1.449962,47374.13208,2.31E-07
210.5606469,1.450001,105567.9142,1.62E-07
210.7277628,1.450001,105567.9142,1.62E-07
210.8948787,1.450001,105567.9142,1.62E-07
211.0619946,1.44997,38043.16404,3.14E-07
211.2291105,1.45,37053.92187,4.42E-07
211.3962264,1.450002,64341.5757,1.82E-07
211.5633423,1.449996,100858.0716,1.56E-07
211.7304582,1.449984,38692.87118,3.03E-07
211.8975741,1.449999,105567.8361,1.62E-07
212.06469,1.45,41404.84542,3.70E-07
212.2318059,1.449999,105567.8411,1.62E-07
212.3989218,1.449999,105567.8411,1.62E-07
212.5660377,1.450005,61611.44698,2.42E-07
212.7331536,1.449999,105567.8461,1.62E-07
212.9002695,1.449998,47883.72094,2.32E-07
213.0673854,1.450001,64341.53643,1.82E-07
213.2345013,1.449997,105567.773,1.62E-07
213.4016173,1.449997,105567.773,1.62E-07
213.5687332,1.449997,105567.773,1.62E-07
213.7358491,1.449986,62449.63902,2.33E-07
213.902965,1.449983,39482.93054,2.88E-07
214.0700809,1.449999,105567.8376,1.62E-07
214.2371968,1.449999,105567.8376,1.62E-07
214.4043127,1.449999,105567.8376,1.62E-07
214.5714286,1.449999,105567.8376,1.62E-07
214.7385445,1.449999,105567.8376,1.62E-07
214.9056604,1.449999,105567.8376,1.62E-07
215.0727763,1.449999,105567.8376,1.62E-07
215.2398922,1.449999,105567.8376,1.62E-07
215.4070081,1.449997,67422.21064,2.06E-07
215.574124,1.449999,105567.8466,1.62E-07
215.7412399,1.449999,105567.8466,1.62E-07
215.9083558,1.449999,105567.8466,1.62E-07
216.0754717,1.45,105567.868,1.62E-07
216.2425876,1.45,105567.868,1.62E-07
216.4097035,1.45,105567.868,1.62E-07
216.5768194,1.45,105567.868,1.62E-07
216.7439353,1.45,105567.868,1.62E-07
216.9110512,1.45,105567.868,1.62E-07
217.0781671,1.450006,67552.26192,2.10E-07
217.245283,1.449999,105567.8321,1.62E-07
217.4123989,1.449975,45909.44683,2.47E-07
217.5795148,1.449995,105567.6908,1.62E-07
217.7466307,1.449995,105567.6908,1.62E-07
217.9137466,1.450002,39571.73884,2.84E-07
218.0808625,1.45,105567.8547,1.62E-07
218.2479784,1.449989,88027.22195,1.77E-07
218.4150943,1.45,89108.87604,1.74E-07
218.5822102,1.449984,55607.54905,2.59E-07
218.7493261,1.449998,105567.8124,1.62E-07
218.9164421,1.449998,105567.8124,1.62E-07
219.083558,1.449998,105567.8124,1.62E-07
219.2506739,1.449979,60434.21212,1.90E-07
219.4177898,1.450002,67403.27659,2.02E-07
219.5849057,1.449999,95515.69414,1.65E-07
219.7520216,1.449999,55212.04718,2.01E-07
219.9191375,1.45,104142.2065,1.59E-07
220.0862534,1.45,105567.8675,1.62E-07
220.2533693,1.45,105567.8675,1.62E-07
220.4204852,1.449991,47003.50966,2.82E-07
220.5876011,1.449998,105567.8114,1.62E-07
220.754717,1.449998,105567.8114,1.62E-07
220.9218329,1.449998,105567.8114,1.62E-07
221.0889488,1.449998,105567.8114,1.62E-07
221.2560647,1.449998,105567.8114,1.62E-07
221.4231806,1.449998,105567.8114,1.62E-07
221.5902965,1.449988,48436.49589,2.72E-07
221.7574124,1.449999,105567.8465,1.62E-07
221.9245283,1.449999,105567.8465,1.62E-07
222.0916442,1.449999,105567.8465,1.62E-07
222.2587601,1.449984,94139.23058,1.72E-07
222.425876,1.450002,49276.81159,2.59E-07
222.5929919,1.45,89613.89324,1.76E-07
222.7601078,1.45,96141.26841,1.99E-07
222.9272237,1.450001,56106.47569,2.12E-07
223.0943396,1.449971,37661.40286,3.04E-07
223.2614555,1.450003,49772.7144,2.46E-07
223.4285714,1.449999,105567.8292,1.62E-07
223.5956873,1.449981,65200.66509,2.13E-07
223.7628032,1.449988,51293.90278,2.17E-07
223.9299191,1.450002,105567.9487,1.62E-07
224.097035,1.449984,78976.12691,1.86E-07
224.2641509,1.458696,54979.73019,2.42E-07
224.4312668,1.450005,58087.56484,2.10E-07
224.5983828,1.450003,105567.9684,1.62E-07
224.7654987,1.450003,105567.9684,1.62E-07
224.9326146,1.449986,43135.66444,2.85E-07
225.0997305,1.45,66673.06418,2.03E-07
225.2668464,1.449999,105567.8336,1.62E-07
225.4339623,1.450001,51319.36684,2.55E-07
225.6010782,1.45,105567.8689,1.62E-07
225.7681941,1.450002,65865.43773,2.25E-07
225.93531,1.450001,53528.27461,2.19E-07
226.1024259,1.450001,94046.50756,1.78E-07
226.2695418,1.449999,105567.8333,1.62E-07
226.4366577,1.442442,95171.82782,1.70E-07
226.6037736,1.449999,105567.8333,1.62E-07
226.7708895,1.449999,96141.2517,1.99E-07
226.9380054,1.45,40260.16987,2.25E-07
227.1051213,1.449988,86483.28483,1.74E-07
227.2722372,1.450018,58311.00768,2.13E-07
227.4393531,1.449979,55239.95313,2.44E-07
227.606469,1.449998,89848.37921,1.85E-07
227.7735849,1.449968,50489.01151,2.39E-07
227.9407008,1.453517,94160.43914,1.78E-07
228.1078167,1.449999,105567.8324,1.62E-07
228.2749326,1.449999,105567.8324,1.62E-07
228.4420485,1.449982,83973.6831,1.88E-07
228.6091644,1.450001,48385.59396,2.45E-07
228.7762803,1.449997,64778.36651,1.99E-07
228.9433962,1.450001,101777.8527,1.62E-07
229.1105121,1.449992,51340.37528,2.52E-07
229.277628,1.449999,105567.84,1.62E-07
229.4447439,1.449998,81149.55325,1.97E-07
229.6118598,1.45,76078.90504,2.12E-07
229.7789757,1.449992,98040.78093,1.59E-07
229.9460916,1.450002,39714.61995,3.31E-07
230.1132075,1.455922,58010.34542,2.09E-07
230.2803235,1.45,57715.39764,2.06E-07
230.4474394,1.449995,83949.01682,1.71E-07
230.6145553,1.45,71569.56276,1.89E-07
230.7816712,1.45,105567.8669,1.62E-07
230.9487871,1.449989,52831.82218,2.04E-07
231.115903,1.449991,95208.44515,1.73E-07
231.2830189,1.449987,58060.91465,2.18E-07
231.4501348,1.45,43264.00715,3.23E-07
231.6172507,1.45,105567.8685,1.62E-07
231.7843666,1.449982,64321.07757,2.06E-07
231.9514825,1.449999,76771.62514,2.01E-07
232.1185984,1.450012,43392.92217,2.61E-07
232.2857143,1.449999,67121.87821,2.29E-07
232.4528302,1.45,71069.58006,1.92E-07
232.6199461,1.449999,76771.60512,2.01E-07
232.787062,1.450002,57126.95681,2.10E-07
232.9541779,1.449992,39861.19392,2.99E-07
233.1212938,1.449999,105567.8379,1.62E-07
233.2884097,1.45,79256.17907,1.86E-07
233.4555256,1.450003,44895.63763,2.79E-07
233.6226415,1.45,98064.58345,1.81E-07
233.7897574,1.45,69651.27024,1.94E-07
233.9568733,1.45,105567.8708,1.62E-07
234.1239892,1.449999,46826.13796,2.18E-07
234.2911051,1.449999,105567.831,1.62E-07
234.458221,1.449985,69650.89942,1.94E-07
234.6253369,1.44999,74808.30758,2.17E-07
234.7924528,1.449998,105567.8078,1.62E-07
234.9595687,1.449998,105567.8078,1.62E-07
235.1266846,1.449992,53407.74537,2.12E-07
235.2938005,1.450002,105567.9489,1.62E-07
235.4609164,1.45,67242.14965,2.17E-07
235.6280323,1.45,53530.54168,2.61E-07
235.7951483,1.45,89604.01189,1.71E-07
235.9622642,1.449999,46826.14036,2.18E-07
236.1293801,1.450001,98508.80651,1.62E-07
236.296496,1.449971,46564.2647,2.13E-07
236.4636119,1.450003,105567.9703,1.62E-07
236.6307278,1.450003,105567.9703,1.62E-07
236.7978437,1.450003,105567.9703,1.62E-07
236.9649596,1.450003,105567.9703,1.62E-07
237.1320755,1.449973,57936.19397,2.28E-07
237.2991914,1.449999,71988.95263,1.90E-07
237.4663073,1.449999,96261.61307,1.69E-07
237.6334232,1.45,65218.06184,1.78E-07
237.8005391,1.45,105908.4561,1.65E-07
237.967655,1.45,96261.64593,1.69E-07
238.1347709,1.449978,65870.6017,1.77E-07
238.3018868,1.45,78352.50798,1.84E-07
238.4690027,1.449999,105567.8324,1.62E-07
238.6361186,1.449999,105567.8324,1.62E-07
238.8032345,1.449999,105567.8324,1.62E-07
238.9703504,1.45,77015.54962,1.78E-07
239.1374663,1.45,96681.02634,1.63E-07
239.3045822,1.453444,105693.1171,1.62E-07
239.4716981,1.45,52487.06483,2.03E-07
239.638814,1.449999,105567.8366,1.62E-07
239.8059299,1.449986,75709.57705,1.91E-07
239.9730458,1.45,105567.8759,1.62E-07
240.1401617,1.45,105567.8759,1.62E-07
240.3072776,1.449998,89099.41978,1.61E-07
240.4743935,1.45,80665.7844,1.85E-07
240.6415094,1.449998,46607.37802,2.79E-07
240.8086253,1.45,105567.8799,1.62E-07
240.9757412,1.45,105567.8799,1.62E-07
241.1428571,1.45,105567.8799,1.62E-07
241.309973,1.45,105567.8799,1.62E-07
241.477089,1.45,105567.8799,1.62E-07
241.6442049,1.45,94543.67312,1.68E-07
241.8113208,1.449977,52486.63547,2.03E-07
241.9784367,1.449999,105567.8366,1.62E-07
242.1455526,1.449999,105567.8366,1.62E-07
242.3126685,1.449983,94543.1207,1.68E-07
242.4797844,1.45,78366.81097,1.78E-07
242.6469003,1.459021,105895.644,1.62E-07
242.8140162,1.459021,105895.644,1.62E-07
242.9811321,1.459021,105895.644,1.62E-07
243.148248,1.441589,94269.15332,1.68E-07
243.3153639,1.459021,105895.644,1.62E-07
243.4824798,1.459021,105895.644,1.62E-07
243.6495957,1.459021,105895.644,1.62E-07
243.8167116,1.459021,105895.644,1.62E-07
243.9838275,1.449977,67860.02922,1.79E-07
244.1509434,1.45,90330.84023,1.93E-07
244.3180593,1.449974,40773.36702,2.52E-07
244.4851752,1.45,94543.66441,1.68E-07
244.6522911,1.450001,54410.75972,2.31E-07
244.819407,1.449999,85407.5821,1.45E-07
244.9865229,1.450006,57385.08093,2.45E-07
245.1536388,1.449999,105567.8339,1.62E-07
245.3207547,1.449992,74879.65636,2.15E-07
245.4878706,1.449995,41727.5182,2.96E-07
245.6549865,1.450003,62999.29152,2.09E-07
245.8221024,1.45,105567.877,1.62E-07
245.9892183,1.449977,54410.3102,2.31E-07
246.1563342,1.449999,65331.40567,2.19E-07
246.3234501,1.450006,41727.68757,2.96E-07
246.490566,1.449999,104385.9938,1.70E-07
246.6576819,1.449988,105567.4311,1.62E-07
246.8247978,1.450001,51189.10886,2.30E-07
246.9919137,1.450003,105567.968,1.62E-07
247.1590297,1.450001,73768.80126,2.10E-07
247.3261456,1.449993,74879.6669,2.15E-07
247.4932615,1.449999,65331.41079,2.19E-07
247.6603774,1.450002,76486.08618,2.15E-07
247.8274933,1.449999,77894.20535,1.60E-07
247.9946092,1.449995,47380.11649,2.70E-07
248.1617251,1.45,105567.8645,1.62E-07
248.328841,1.45,105567.8645,1.62E-07
248.4959569,1.449995,54290.17031,2.08E-07
248.6630728,1.450002,97196.23361,1.63E-07
248.8301887,1.450001,46457.50309,2.80E-07
248.9973046,1.45,102629.1579,1.72E-07
249.1644205,1.449998,97196.11568,1.63E-07
249.3315364,1.449998,77894.1739,1.60E-07
249.4986523,1.450006,39213.53794,3.28E-07
249.6657682,1.449999,105567.8477,1.62E-07
249.8328841,1.449985,90121.97739,1.70E-07
250,1.449998,77894.16151,1.60E-07
